pitcher,pitch_type,n_pitches,raw_stuff,stuff_plus,player_name
434378,CH,213,-0.006222086332376583,91.08438164116392,"Verlander, Justin"
434378,CU,371,-0.010431655619591236,93.29705527131142,"Verlander, Justin"
434378,FF,1139,0.0040744391297664355,110.60771100818393,"Verlander, Justin"
434378,SL,597,0.0026852141729290045,106.47881341056524,"Verlander, Justin"
434378,ST,195,-0.006139473799945941,94.7801420218509,"Verlander, Justin"
445276,FC,683,0.012572855734567009,128.5978472671011,"Jansen, Kenley"
445276,SI,75,0.004346691443036737,105.34310828658114,"Jansen, Kenley"
445276,SL,53,-0.0013486585582009043,98.75964263803552,"Jansen, Kenley"
445926,FC,53,-0.006153513714758995,92.174796724816,"Chavez, Jesse"
448179,CU,59,-0.001577552299210565,104.02665397052239,"Hill, Rich"
448179,FF,63,-0.004589557659716183,94.3178323207845,"Hill, Rich"
450203,CH,244,0.003177600028840195,110.583490683219,"Morton, Charlie"
450203,CU,953,-0.007662230290320178,96.65310628351386,"Morton, Charlie"
450203,FC,228,-0.00318277378610538,97.95292744375413,"Morton, Charlie"
450203,FF,670,-0.006198473051350828,91.2927808133978,"Morton, Charlie"
450203,SI,373,0.0020923013739641235,101.41180897596858,"Morton, Charlie"
453286,CH,188,-0.0026236819509246377,98.54906468642432,"Scherzer, Max"
453286,CU,159,-0.0029590375927583874,102.3525394642561,"Scherzer, Max"
453286,FF,655,-0.001031766531913775,101.00712218032844,"Scherzer, Max"
453286,SL,318,0.0011365668326347215,103.51534032082127,"Scherzer, Max"
455119,FC,212,-0.0033867440405509048,97.55620244551592,"Martin, Chris"
455119,FF,177,-0.0030732889651522463,97.16869130562758,"Martin, Chris"
455119,FS,101,-0.005198090585031648,95.40523121514704,"Martin, Chris"
455119,SI,83,0.0006410250586328862,98.8810128833842,"Martin, Chris"
458677,FC,116,-0.0027333576501311248,98.82704811511032,"Wilson, Justin"
458677,FF,377,0.0025941452005058554,107.824491079176,"Wilson, Justin"
458677,SL,268,0.0028735142068399,106.83914211082748,"Wilson, Justin"
471911,CH,159,-0.005491732153858486,92.59945940216289,"Carrasco, Carlos"
471911,CU,77,-0.0037140032337010308,101.43765536296475,"Carrasco, Carlos"
471911,FF,153,-0.009808237873644756,84.50577102172848,"Carrasco, Carlos"
471911,SI,164,-0.00412059928913084,90.57749399702746,"Carrasco, Carlos"
471911,SL,183,-0.005028152248281108,91.71860737408485,"Carrasco, Carlos"
472610,FS,174,-0.002342274624853657,102.77109457687664,"García, Luis"
472610,SI,349,0.0021264497699640017,101.47135837138802,"García, Luis"
472610,ST,262,0.0005881693565479092,101.80427881341352,"García, Luis"
477132,CU,300,-0.006084540461609625,98.56498579534718,"Kershaw, Clayton"
477132,FF,587,-0.001060322652828797,100.95343151575511,"Kershaw, Clayton"
477132,FS,94,-0.018016848435744325,62.342449820241185,"Kershaw, Clayton"
477132,SL,693,-0.0028938986488014798,95.8026896206893,"Kershaw, Clayton"
489119,FC,70,-0.0016240174568208333,100.9847303096685,"Miley, Wade"
489446,FF,401,-0.006515303273436914,90.69708277614212,"Yates, Kirby"
489446,FS,294,-0.005286419061857963,95.1774099898564,"Yates, Kirby"
500779,CH,482,0.001792322926578049,107.70981296329823,"Quintana, Jose"
500779,CU,298,-0.004747134006750964,100.18568458766158,"Quintana, Jose"
500779,FF,255,-0.0047858621260435455,93.94874447138119,"Quintana, Jose"
500779,SI,953,0.0001926290373665273,98.09908122325628,"Quintana, Jose"
500779,SV,186,0.00034086722131686784,104.12914802286683,"Quintana, Jose"
502043,SI,100,-0.0038173867659406823,91.10624862549196,"Gibson, Kyle"
502043,ST,53,-0.0045787297264191775,96.40966957170181,"Gibson, Kyle"
502085,FC,151,-8.076428078112673e-05,103.9863793256479,"Robertson, David"
502085,KC,104,0.0026256023022422316,107.21744894789971,"Robertson, David"
506433,CU,177,0.006859979198786488,114.25144169996673,"Darvish, Yu"
506433,FC,136,0.0003419383228634508,104.80854180292704,"Darvish, Yu"
506433,FF,190,-0.0016443642834354634,99.85532777193532,"Darvish, Yu"
506433,FS,121,-0.000711602795099905,106.97700492028655,"Darvish, Yu"
506433,SI,232,-0.0014766427070596897,95.18813562066701,"Darvish, Yu"
506433,SL,160,0.0023619594162937576,105.86023696162479,"Darvish, Yu"
506433,ST,117,-0.001862120717223894,99.24600212470892,"Darvish, Yu"
518397,SI,180,-0.005581015358459101,88.03075962070034,"Alexander, Scott"
518397,SL,59,-0.003495279471635359,94.65189444687161,"Alexander, Scott"
518489,FF,134,-0.0012843660073343275,100.5321895469165,"Brasier, Ryan"
518489,SI,64,0.00343483596589067,103.75297672156884,"Brasier, Ryan"
518489,SL,129,-0.00230418569914008,96.93115729149099,"Brasier, Ryan"
518585,FF,159,0.0012662341294962284,105.32777844411821,"Cruz, Fernando"
518585,FS,478,-0.003587529124621393,99.55927188810071,"Cruz, Fernando"
518585,SI,109,-0.003699269380994246,91.3122266416222,"Cruz, Fernando"
518876,CH,752,-0.006001794750347394,91.54136386524718,"Kelly, Merrill"
518876,CU,266,-0.011607187067590044,91.87252020108058,"Kelly, Merrill"
518876,FC,566,-0.006020231503331392,92.43403249052872,"Kelly, Merrill"
518876,FF,623,-0.006975683039442949,89.83148567118066,"Kelly, Merrill"
518876,SI,355,0.0011302416637142454,99.73412917797812,"Kelly, Merrill"
518876,SL,185,-0.007508506073704543,86.9722318608004,"Kelly, Merrill"
518886,FF,148,-0.0021709692270412014,98.86521537277842,"Kimbrel, Craig"
519008,SI,124,-0.030493729214222477,44.586931442846556,"McFarland, T.J."
519008,ST,86,0.0010685305646485324,102.30580999700524,"McFarland, T.J."
519141,FF,624,4.05279708840494e-05,103.02322950263792,"Pomeranz, Drew"
519141,KC,187,-0.003351881620514625,99.3930052747517,"Pomeranz, Drew"
519151,CU,147,-0.00021343467559912526,105.67972194931832,"Pressly, Ryan"
519151,FF,226,0.0005796359376942577,104.03684984347294,"Pressly, Ryan"
519151,SI,75,0.002745584196721514,102.55103077523674,"Pressly, Ryan"
519151,SL,123,0.005570978195050626,112.00097704356104,"Pressly, Ryan"
519242,CH,136,0.006751052576873917,117.9964125843386,"Sale, Chris"
519242,FF,821,0.0032670033696444354,109.08958595575751,"Sale, Chris"
519242,SI,65,0.012029750778590543,118.74114719902332,"Sale, Chris"
519242,SL,922,0.00020406226448310862,101.73091069512255,"Sale, Chris"
519326,FF,114,-0.006704920701674398,90.34056776603099,"Strickland, Hunter"
519326,SL,108,0.00042504859515314885,102.15378750322624,"Strickland, Hunter"
521230,FF,128,0.005316921321544044,112.94380192177717,"Hendriks, Liam"
521230,SL,76,0.00017671954450586207,101.67858799211285,"Hendriks, Liam"
527048,CH,233,-0.0015667074670368238,100.74169749607164,"Pérez, Martín"
527048,CU,70,-0.002704145062099477,102.66142388387894,"Pérez, Martín"
527048,FC,223,-0.008146693088551505,88.29803496018589,"Pérez, Martín"
527048,SI,251,-0.006930011096710768,85.67832465899485,"Pérez, Martín"
541640,FC,70,-0.006674944353289902,91.16060683857563,"Ramírez, Erasmo"
541640,SI,51,-0.0023742810841284544,93.62279642699256,"Ramírez, Erasmo"
542881,CH,767,-0.0008208672865746889,102.28890007793466,"Anderson, Tyler"
542881,FC,457,-0.0035778665648611807,97.18446646211777,"Anderson, Tyler"
542881,FF,857,0.001093888361341788,105.00373727423566,"Anderson, Tyler"
542881,SI,84,0.003142130520808721,103.24254477358897,"Anderson, Tyler"
542881,SL,77,-0.00473281494525107,92.28376131659624,"Anderson, Tyler"
542888,FC,253,0.000689495040064559,105.48454447985715,"Armstrong, Shawn"
542888,FF,309,-0.0016449937213660795,99.85414431494888,"Armstrong, Shawn"
542888,SI,250,0.0018815624373673928,101.04431363985634,"Armstrong, Shawn"
542888,ST,244,0.0016301344130773881,102.89216426138452,"Armstrong, Shawn"
543056,FC,281,-0.002653796787238974,98.98179510641316,"Coulombe, Danny"
543056,FF,141,-0.0060834720336951,91.50900349584539,"Coulombe, Danny"
543056,SI,135,-0.0022977707881687414,93.75621826817594,"Coulombe, Danny"
543056,ST,125,-0.0038548223622783553,97.1654802221577,"Coulombe, Danny"
543101,FF,114,-0.0005957831373579163,101.82684970096382,"DeSclafani, Anthony"
543101,FS,129,-0.001837667654441713,104.07260211351743,"DeSclafani, Anthony"
543101,KC,136,-0.001929264727390118,101.25519108613365,"DeSclafani, Anthony"
543101,SI,113,5.899233048565663e-05,97.86603996706877,"DeSclafani, Anthony"
543101,SL,140,-0.0022526920302230534,97.02969496250059,"DeSclafani, Anthony"
543135,CU,355,-0.009893493489591851,93.94921207150536,"Eovaldi, Nathan"
543135,FC,367,-0.005472344614960138,93.49968015280528,"Eovaldi, Nathan"
543135,FF,402,-0.003763279782508822,95.87138395622938,"Eovaldi, Nathan"
543135,FS,586,-0.005543003365542079,94.51561492040663,"Eovaldi, Nathan"
543135,SI,90,-0.0023020027010918257,93.74883848213743,"Eovaldi, Nathan"
543243,CH,224,0.0012024236703455568,106.48610086492823,"Gray, Sonny"
543243,CU,482,-0.004122997736234749,100.94202675738151,"Gray, Sonny"
543243,FC,332,-0.00017776039249476898,103.79772053148542,"Gray, Sonny"
543243,FF,582,-0.0061059086450162186,91.46681861449582,"Gray, Sonny"
543243,SI,467,0.008467500654450065,112.52914704457626,"Gray, Sonny"
543243,ST,507,0.0035187887158206243,104.86405335625078,"Gray, Sonny"
543294,CH,987,-0.009121241044380968,85.07025184079009,"Hendricks, Kyle"
543294,CU,212,-0.07859481073573302,10.695432723628514,"Hendricks, Kyle"
543294,FF,385,-0.0200436041988251,65.26143381690852,"Hendricks, Kyle"
543294,SI,987,-0.0051801773718708165,88.7297575988941,"Hendricks, Kyle"
543518,FF,115,0.0013323605596467487,105.45210807527532,"McGough, Scott"
543518,FS,99,-0.004557376475816574,97.05779309175914,"McGough, Scott"
543518,SL,70,0.003972727105221046,108.94258281000758,"McGough, Scott"
543859,FF,226,-0.007075478030091556,89.64385306572431,"Tonkin, Michael"
543859,SL,103,-0.008224165528499548,85.60275445911977,"Tonkin, Michael"
544150,FF,58,-0.00035917396711863996,102.27171767277596,"Suárez, Albert"
547179,CH,401,-0.0025463916603883515,98.70939895132888,"Lorenzen, Michael"
547179,CU,261,-0.0063577266823238296,98.23393267654401,"Lorenzen, Michael"
547179,FC,251,-0.0035232915726223168,97.2906155854724,"Lorenzen, Michael"
547179,FF,511,-0.003598381881765853,96.1814217902889,"Lorenzen, Michael"
547179,SI,418,-0.003819269606494484,91.10296524970323,"Lorenzen, Michael"
547179,SL,277,-0.0007941613055315727,99.82072197086171,"Lorenzen, Michael"
547179,ST,199,-0.004594207211674294,96.39350997894512,"Lorenzen, Michael"
547184,FF,192,-0.0072001766177815325,89.4093972002252,"Kelly, Michael"
547184,SL,94,0.003074903441147205,107.22451814893854,"Kelly, Michael"
547184,ST,332,0.0006133934319617524,101.83061453783085,"Kelly, Michael"
547973,FF,374,0.014979294307031425,131.11080816502326,"Chapman, Aroldis"
547973,FS,103,-0.0015751511919977893,104.74969770354488,"Chapman, Aroldis"
547973,SI,311,0.014275213550928595,122.65687871771749,"Chapman, Aroldis"
547973,SL,142,0.009076757614769724,118.70959475050881,"Chapman, Aroldis"
548384,CH,53,0.0006550475635828301,105.3506005958107,"Raley, Brooks"
548384,FC,78,-0.005215491243945554,93.9992635525527,"Raley, Brooks"
548384,SI,94,-0.003900409266571706,90.96147053053241,"Raley, Brooks"
548384,ST,163,-0.01289966532757343,87.72202242146993,"Raley, Brooks"
552640,FF,82,0.0012035042735344798,105.20983498585939,"Kittredge, Andrew"
552640,SI,281,0.011526331670078518,117.86326398733198,"Kittredge, Andrew"
552640,SL,412,0.0029255512730283176,106.93871962037804,"Kittredge, Andrew"
554340,CU,54,-0.0024070064915004304,103.02150299129643,"García, Yimi"
554340,FF,141,-0.0014068692617775981,100.30186130439972,"García, Yimi"
554340,ST,59,0.002788084872378731,104.10114669918437,"García, Yimi"
554430,CU,222,-0.00931807097492253,94.64652183190549,"Wheeler, Zack"
554430,FC,190,-0.00013116795627722335,103.88834347171054,"Wheeler, Zack"
554430,FF,939,0.0009401092775967394,104.71460482419747,"Wheeler, Zack"
554430,FS,201,-0.00545380002557212,94.74569263647476,"Wheeler, Zack"
554430,SI,399,0.01003881040728595,115.2692624455564,"Wheeler, Zack"
554430,ST,345,-0.003370911057425184,97.67071795864365,"Wheeler, Zack"
554431,FF,76,0.0028746504444586065,108.3518915972275,"Matzek, Tyler"
570632,CH,230,-0.0035549336658416155,96.61723653419048,"Ureña, José"
570632,FF,94,-0.004392515290129132,94.68830756158182,"Ureña, José"
570632,SI,339,-0.0011799111945899224,95.70558839266636,"Ureña, José"
570632,SL,239,-0.007907989166387665,86.20778577667826,"Ureña, José"
571510,CH,643,0.0013994331239965345,106.89478565199795,"Boyd, Matthew"
571510,CU,311,0.012563219712448226,121.1627549953306,"Boyd, Matthew"
571510,FF,1287,-0.00367296845744328,96.0411855576337,"Boyd, Matthew"
571510,SI,78,0.003895964422834088,104.55711173340876,"Boyd, Matthew"
571510,SL,393,-0.0016168396998260972,98.24645440227356,"Boyd, Matthew"
571578,CH,240,-0.00634347201290287,90.83257402442342,"Corbin, Patrick"
571578,FC,648,-0.0016149325623768232,101.00240055645077,"Corbin, Patrick"
571578,FF,69,-0.007064872127966078,89.66379407715269,"Corbin, Patrick"
571578,SI,748,0.0006055323248052874,98.81911917566147,"Corbin, Patrick"
571578,SL,868,-0.0057607439238159495,90.31672867663693,"Corbin, Patrick"
571760,CH,345,-0.000617626381843339,102.71051165207334,"Heaney, Andrew"
571760,CS,111,0.006811268333983314,108.04138224794099,"Heaney, Andrew"
571760,CU,113,0.008288300995904524,115.98231371962524,"Heaney, Andrew"
571760,FF,864,-0.0012467026936233364,100.60300337871088,"Heaney, Andrew"
571760,SI,234,0.00864133967184183,112.83229476448747,"Heaney, Andrew"
571760,SL,336,-0.003071736636245857,95.46238096783263,"Heaney, Andrew"
571927,CH,197,0.0003552109807743608,104.7286068400294,"Matz, Steven"
571927,CU,245,0.0018593914223132817,108.19161856934728,"Matz, Steven"
571927,SI,648,-0.0027170002087620595,93.02514854125641,"Matz, Steven"
571945,CH,278,-0.005756463279186333,92.05028989998756,"Mikolas, Miles"
571945,CU,421,-0.004448661387601045,100.54738032468889,"Mikolas, Miles"
571945,FF,673,-0.0062141874694277704,91.26323486937953,"Mikolas, Miles"
571945,SI,397,-0.002521240238932865,93.3665229311603,"Mikolas, Miles"
571945,SL,556,-0.003723878503969507,94.21445006361064,"Mikolas, Miles"
571945,ST,69,-0.004809613638233555,96.16861038621427,"Mikolas, Miles"
571946,FF,424,0.007482889632932334,117.01621352240215,"Miller, Shelby"
571946,FS,199,-0.0020150950098760958,103.61497260412801,"Miller, Shelby"
571946,ST,57,0.0012466203025133726,102.49174831906512,"Miller, Shelby"
571948,CH,196,-0.0009460840928605482,102.02914501102731,"Milner, Hoby"
571948,FF,155,-0.004836167763454385,93.85416078781962,"Milner, Hoby"
571948,SI,366,0.007527606521861607,110.89012050423412,"Milner, Hoby"
571948,ST,385,-0.008986278173707231,91.80787627068415,"Milner, Hoby"
572955,CU,693,-5.255834037947205e-05,105.87467545896772,"Johnson, Pierce"
572955,FF,222,-0.0036020477279004176,96.17452933750184,"Johnson, Pierce"
573009,CU,60,-0.009753392442750435,94.11898962610962,"Mantiply, Joe"
573009,SI,67,0.007024784037259532,110.01327771016973,"Mantiply, Joe"
573124,SI,429,-0.0002247202320285288,97.37129018231526,"Rogers, Taylor"
573124,ST,448,0.005582433052210385,107.01864446204442,"Rogers, Taylor"
573186,FC,104,-0.000671665745358041,102.83706771092005,"Stroman, Marcus"
573186,FS,70,-0.0050596482315865745,95.76230865752156,"Stroman, Marcus"
573186,SI,239,-0.00637214872050859,86.65114830875592,"Stroman, Marcus"
573186,SV,120,-0.00916831349847295,85.59125838095147,"Stroman, Marcus"
573204,CU,227,-0.00421975853101677,100.8247698810767,"Thielbar, Caleb"
573204,FF,339,0.0030107919763148507,108.607862264362,"Thielbar, Caleb"
573204,SL,107,0.0005642897977790726,102.42023780874713,"Thielbar, Caleb"
573204,ST,120,0.004830347218133587,106.23341348967148,"Thielbar, Caleb"
579328,CH,365,0.0006111369526429558,105.25951055749276,"Kikuchi, Yusei"
579328,CU,468,0.004152273322906072,110.97018368970406,"Kikuchi, Yusei"
579328,FF,1047,-0.0017688657084213232,99.62124260792764,"Kikuchi, Yusei"
579328,SL,1089,0.0024693057750724734,106.065653674162,"Kikuchi, Yusei"
592094,CH,347,0.0030660590610915783,110.3521053572404,"Adam, Jason"
592094,FF,234,0.008151590598327648,118.27349210515276,"Adam, Jason"
592094,SL,370,-0.0025831445307483445,96.39734499665282,"Adam, Jason"
592094,ST,86,-0.004525751982772246,96.46498209491808,"Adam, Jason"
592155,FC,96,-0.00116647445364985,101.87465785140914,"Booser, Cam"
592155,FF,249,-0.002013660831349501,99.16098356667226,"Booser, Cam"
592155,ST,174,0.003400331958205086,104.74037609661887,"Booser, Cam"
592332,FF,1575,0.0006124308480908469,104.0985101977996,"Gausman, Kevin"
592332,FS,1100,-0.002421060264108829,102.56788671554655,"Gausman, Kevin"
592332,SL,256,-0.001104896039578307,99.22610368790178,"Gausman, Kevin"
592351,FF,99,-0.008140014627986032,87.64233200571553,"Gray, Jon"
592351,SL,89,-0.0020916911105487495,97.33778440317865,"Gray, Jon"
592426,CU,119,-0.009137015502622053,94.86592886724114,"Jackson, Luke"
592426,FF,238,0.0034184547996975356,109.37434199647917,"Jackson, Luke"
592426,SL,329,1.7138489587147547e-05,101.3732155877056,"Jackson, Luke"
592454,CH,867,-0.003459384120010364,96.81544857462299,"Kahnle, Tommy"
592454,FF,143,-0.003198411206349383,96.9334388950229,"Kahnle, Tommy"
592662,CH,389,-0.0022214213723415845,99.38353113388733,"Ray, Robbie"
592662,FF,1546,0.0022679058540765336,107.21110218886139,"Ray, Robbie"
592662,KC,369,-0.011829057508471234,88.2964994372097,"Ray, Robbie"
592662,SL,673,-0.002314037298292749,96.91230538878838,"Ray, Robbie"
592773,FF,596,0.0071601522802867724,116.40940901286325,"Stanek, Ryne"
592773,FS,126,-0.0015325755864776308,104.85951083477511,"Stanek, Ryne"
592773,SL,228,0.002023262423774628,105.21211043417605,"Stanek, Ryne"
592773,ST,96,0.0005322097130147085,101.7458529751458,"Stanek, Ryne"
592779,CH,66,-0.0018034856907571807,100.25051468148784,"Stewart, Brock"
592779,FC,58,0.0027418578939777316,109.47641894124018,"Stewart, Brock"
592779,FF,332,0.00039706802233015887,103.69358919071014,"Stewart, Brock"
592779,SI,67,0.002767733875974846,102.58965630857877,"Stewart, Brock"
592779,ST,87,0.0049928508494209885,106.40307881060731,"Stewart, Brock"
592791,CH,217,-0.002003504241665011,99.83558769512818,"Taillon, Jameson"
592791,CU,249,-0.012564285993519947,90.7126865037444,"Taillon, Jameson"
592791,FC,273,-0.002580882436427351,99.12361453874125,"Taillon, Jameson"
592791,FF,714,0.001256461669127861,105.3094044537133,"Taillon, Jameson"
592791,SI,145,-0.0036521528400420534,91.39439042840644,"Taillon, Jameson"
592791,ST,301,-0.0038347180726422785,97.18647052696669,"Taillon, Jameson"
592836,CU,133,-0.02193032115473783,79.36271745027202,"Walker, Taijuan"
592836,FC,621,-0.0007064428170163201,102.76942582004794,"Walker, Taijuan"
592836,FF,196,-0.005263403087824093,93.05088121904107,"Walker, Taijuan"
592836,FS,463,-0.003835044239713563,98.92086852347421,"Walker, Taijuan"
592836,SI,416,-0.004742574694936672,89.49286737557135,"Walker, Taijuan"
592836,SL,232,-0.006929036467619002,88.08109799144106,"Walker, Taijuan"
592866,CH,186,-0.014111879434416531,74.71745937334305,"Williams, Trevor"
592866,FF,613,-0.00935486842290199,85.35818746792773,"Williams, Trevor"
592866,SI,124,-0.0055692542294808285,88.05126916733053,"Williams, Trevor"
592866,SL,127,-0.008613511186650418,84.85770724887531,"Williams, Trevor"
592866,ST,398,-0.0060752930524966674,94.84715127590643,"Williams, Trevor"
593423,FC,72,-0.002605605439485872,99.07552795194212,"Montas, Frankie"
593423,FF,178,-0.00235048381206949,98.5276955324803,"Montas, Frankie"
593423,FS,146,-0.0023216072853482392,102.82440081263208,"Montas, Frankie"
593423,SI,124,0.003572842303774157,103.99363792231868,"Montas, Frankie"
593423,SL,99,-0.00045442937235665425,100.47082894841236,"Montas, Frankie"
593423,ST,89,0.001486318039282237,102.742009763159,"Montas, Frankie"
593576,FF,205,0.0011271545840228522,105.06628378077643,"Neris, Héctor"
593576,FS,216,-0.005489157318320563,94.65449733857837,"Neris, Héctor"
593958,CH,498,0.0026570455729022315,109.50363038697097,"Rodriguez, Eduardo"
593958,CU,121,-0.005515190603380854,99.25493657604179,"Rodriguez, Eduardo"
593958,FC,391,-0.001864698594072996,100.5166021308225,"Rodriguez, Eduardo"
593958,FF,1179,-0.003975783779583195,95.47183806337642,"Rodriguez, Eduardo"
593958,SI,224,-0.0028223816510940685,92.84137999238163,"Rodriguez, Eduardo"
593958,SL,90,-0.0025041607586697664,96.54848740137672,"Rodriguez, Eduardo"
593974,CH,388,0.0012138421774458019,106.50978790154721,"Peralta, Wandy"
593974,SI,512,-0.0011513444005899487,95.7554043580129,"Peralta, Wandy"
593974,SL,189,-0.004184641697681626,93.33273910864857,"Peralta, Wandy"
594580,FF,64,0.0013631456756968419,105.50998965326046,"Moll, Sam"
594580,SI,66,0.009913589075123045,115.05089627035028,"Moll, Sam"
594580,ST,141,-0.010028468282292233,90.7197558523994,"Moll, Sam"
594798,CH,284,-0.0001982627289334245,103.58045744410575,"deGrom, Jacob"
594798,CU,126,-0.0010449340324922805,104.67209259428478,"deGrom, Jacob"
594798,FF,1177,0.005270137408832811,112.85583971667651,"deGrom, Jacob"
594798,SL,954,0.0036084435224939954,108.24549408854179,"deGrom, Jacob"
594902,CH,53,-0.013908123615074833,75.1401391082425,"Lively, Ben"
594902,FC,52,-0.011427646668520398,81.91653434985805,"Lively, Ben"
594902,FF,215,-0.006704386762549104,90.34157166801627,"Lively, Ben"
594902,SI,161,-0.003875190012730408,91.00544891590617,"Lively, Ben"
594902,SL,57,-0.007414504141228176,87.1521128382376,"Lively, Ben"
594902,ST,76,-0.0032910773803259395,97.75406998185215,"Lively, Ben"
595014,FC,55,-0.001110618371008472,101.98329871351784,"Treinen, Blake"
595014,FF,58,-0.0037456634996362544,95.90450574954137,"Treinen, Blake"
595014,SI,141,0.017611644184547113,128.47508543792665,"Treinen, Blake"
595014,ST,213,0.002250753005951787,103.54013410614793,"Treinen, Blake"
595345,FF,430,-0.003966317610535086,95.48963617078284,"Okert, Steven"
595345,SL,601,0.0023243895909101303,105.78834379162161,"Okert, Steven"
595928,FC,168,-0.0009617018699611348,102.27294339124916,"Curtiss, John"
595928,FF,291,0.0006909250492203855,104.24609347202434,"Curtiss, John"
596001,CH,201,-0.006711114158005968,90.06992152727219,"Junis, Jakob"
596001,FF,88,-0.010849866889078508,82.54732035386941,"Junis, Jakob"
596001,SI,267,-0.003183979580631438,92.21081046024474,"Junis, Jakob"
596001,ST,445,-0.006416895130212324,94.49049446960113,"Junis, Jakob"
596112,FC,109,0.00366988587734549,111.28144635108205,"Stephenson, Robert"
596133,CH,314,0.0004593305702931091,104.94459694346699,"Weaver, Luke"
596133,FC,99,0.0014168039438899164,106.89917047212808,"Weaver, Luke"
596133,FF,619,0.005432504787589159,113.16111971238735,"Weaver, Luke"
596271,CH,60,-0.001351455267892258,101.18822581003536,"Lawrence, Casey"
596271,SI,110,-0.005142828361766243,88.79488835851308,"Lawrence, Casey"
596271,ST,68,-0.016049724839189473,84.43313678998449,"Lawrence, Casey"
596295,CH,164,-0.0052078045332564216,93.18845093032854,"Gomber, Austin"
596295,FF,340,-0.0018238462062393356,99.51786934251791,"Gomber, Austin"
596295,KC,248,-0.006330502028210885,95.494032411775,"Gomber, Austin"
596295,SL,153,-0.000470103158138455,100.4408357787796,"Gomber, Austin"
600917,FF,50,-0.000566010797101626,101.88282707754868,"Leclerc, José"
601713,CU,624,-0.008765510720597657,95.31612659836364,"Pivetta, Nick"
601713,FC,250,-0.0008243890866760921,102.54001867560828,"Pivetta, Nick"
601713,FF,1357,0.006555836175322916,115.27318559566933,"Pivetta, Nick"
601713,SI,77,-0.0041556995913504275,90.51628462788979,"Pivetta, Nick"
601713,ST,527,-0.0019103284003978472,99.19566988306926,"Pivetta, Nick"
605130,CU,218,-0.0037996608920065887,101.3338535135988,"Barlow, Scott"
605130,FF,277,-0.005172380268443897,93.22202055825325,"Barlow, Scott"
605130,SI,186,-0.0024100453610537776,93.56042919110472,"Barlow, Scott"
605130,SL,232,-0.0009096809874884864,99.59966488452078,"Barlow, Scott"
605130,ST,364,-0.0028358586391582473,98.22935064607086,"Barlow, Scott"
605135,CH,104,-0.0018985485908772786,100.05331215960967,"Bassitt, Chris"
605135,CU,442,-0.014864759604538511,87.92492158038536,"Bassitt, Chris"
605135,FC,457,-0.004342437930546774,95.69736446026376,"Bassitt, Chris"
605135,FF,260,-0.011745066867856972,80.86418272009675,"Bassitt, Chris"
605135,FS,88,0.0005515200118679786,110.23491444069903,"Bassitt, Chris"
605135,SI,1134,-0.0021042404585104664,94.0937045186726,"Bassitt, Chris"
605135,SL,80,-0.004968445663507737,91.83286118297512,"Bassitt, Chris"
605135,ST,154,-0.006936472581779148,93.94801874538052,"Bassitt, Chris"
605154,FF,221,-0.0004369989449461333,102.1253926592212,"Brebbia, John"
605154,SL,195,-0.0036982452066555336,94.26350163578907,"Brebbia, John"
605177,FF,123,-0.002319014637363787,98.5868632642794,"Chafin, Andrew"
605177,SI,250,0.0005569003808996058,98.73431276608179,"Chafin, Andrew"
605177,SL,237,-0.008419470939164361,85.2290203534088,"Chafin, Andrew"
605280,CH,430,-0.005584144092029229,92.40775614846564,"Holmes, Clay"
605280,FC,225,-0.0014130395113635232,101.39508536495529,"Holmes, Clay"
605280,FF,147,-0.007555887661201144,88.74059619696216,"Holmes, Clay"
605280,SI,1084,-0.020487374251715883,62.03643004804099,"Holmes, Clay"
605280,SL,286,-0.00017335407731867758,101.00869128244034,"Holmes, Clay"
605280,ST,498,-0.005708116448980412,95.2305097016978,"Holmes, Clay"
605288,CH,289,-0.0019235001942358354,100.00155149271444,"Houser, Adrian"
605288,CU,221,-0.01212253481879508,91.24801037090467,"Houser, Adrian"
605288,FF,222,0.00036251440640724567,103.62862215237068,"Houser, Adrian"
605288,SI,868,-2.4968950091102074e-05,97.71962478853432,"Houser, Adrian"
605288,SL,292,-0.002002459302076042,97.50853732818467,"Houser, Adrian"
605347,FF,94,-0.005723823864443941,92.1852070067191,"López, Jorge"
605347,KC,65,-0.004332746020876444,98.10906735859793,"López, Jorge"
605347,SI,105,0.004778467455651567,106.09605728330467,"López, Jorge"
605347,SL,80,-0.002850296902761329,95.88612540215735,"López, Jorge"
605400,CH,222,-0.00788857703838067,87.62734246504628,"Nola, Aaron"
605400,FC,105,-0.005544532949681438,93.3592728319291,"Nola, Aaron"
605400,FF,443,-0.005035535659661131,93.47931313698572,"Nola, Aaron"
605400,KC,435,-0.01380403893048863,85.71127610716321,"Nola, Aaron"
605400,SI,268,-0.0018720990809069646,94.4985223229458,"Nola, Aaron"
605447,FF,243,0.0054778468278108535,113.24637093680461,"Romano, Jordan"
605447,SL,418,0.0005932821592540803,102.4757172460624,"Romano, Jordan"
605452,CH,70,0.002009768428771557,108.16089115836121,"Ross, Joe"
605452,FF,299,-0.006012057505194569,91.64327570693435,"Ross, Joe"
605452,SI,234,-0.004109568683590748,90.5967296264557,"Ross, Joe"
605452,SL,179,-0.0034650829672688544,94.70967811767007,"Ross, Joe"
605463,FF,253,-0.009277852874924705,85.50299060718058,"Scott, Tayler"
605463,FS,152,-0.005503885725853539,94.61650909320943,"Scott, Tayler"
605463,ST,69,-0.007536019353395112,93.32204937708765,"Scott, Tayler"
605483,CH,252,9.312852643277092e-05,104.18493185356373,"Snell, Blake"
605483,CU,213,-0.0028201614553955965,102.5208326463979,"Snell, Blake"
605483,FF,449,0.005127532372120477,112.5877164930996,"Snell, Blake"
605483,SL,113,0.0040591219543124986,109.1079069633596,"Snell, Blake"
605488,CH,698,0.004742549332496391,113.82988805698521,"Springs, Jeffrey"
605488,FC,164,-0.004783426056059309,94.83963638715514,"Springs, Jeffrey"
605488,FF,1170,-0.0013926538121753936,100.32858891697084,"Springs, Jeffrey"
605488,SL,560,0.0021774607730995804,105.5071825573236,"Springs, Jeffrey"
605488,ST,172,0.001954563717083866,103.23089147350387,"Springs, Jeffrey"
605540,CH,170,-0.0019147380420155755,100.01972807382792,"Woodruff, Brandon"
605540,FC,151,-0.0015254335260922274,101.1764774340271,"Woodruff, Brandon"
605540,FF,296,0.00020657916761715692,103.33543574144487,"Woodruff, Brandon"
605540,SI,299,-0.0026709231544075228,93.10549962801115,"Woodruff, Brandon"
606160,FF,426,-0.0031571265044081634,97.01106159071507,"Montero, Rafael"
606160,FS,507,-0.0013406711522933748,105.35448034976555,"Montero, Rafael"
606160,SI,52,0.005691073655235903,107.6874979893767,"Montero, Rafael"
606160,SL,80,-0.0028242930553403767,95.93588605460334,"Montero, Rafael"
606303,FF,150,-0.0013609621286256395,100.38817500558201,"Payamps, Joel"
606303,SI,62,0.0022080514993743443,101.61365886630975,"Payamps, Joel"
606303,ST,196,-0.0033622389510917262,97.67977225295449,"Payamps, Joel"
606930,FC,61,0.001771546756661665,107.58915020546944,"Barnes, Jacob"
606965,CH,102,0.00022754525800301766,104.46377163664194,"Devenski, Chris"
606965,FF,56,-0.0006609703366068841,101.70428599352731,"Devenski, Chris"
606965,ST,55,-0.001912242259541844,99.1936716783318,"Devenski, Chris"
606996,CH,75,-0.0018905888481216,100.06982418841311,"Hart, Kyle"
606996,FF,98,-0.006068085170691306,91.53793357716948,"Hart, Kyle"
606996,SI,135,0.0022777892017782305,101.73527037673345,"Hart, Kyle"
606996,SL,61,-0.0028747696301625035,95.83929468272949,"Hart, Kyle"
606996,ST,209,0.006052765446747364,107.50970485271661,"Hart, Kyle"
607067,CH,304,-0.00036374432257664583,103.23717539033257,"Rea, Colin"
607067,CU,233,-0.003782784057325307,101.3543052360252,"Rea, Colin"
607067,FC,175,-0.003737787449998515,96.87341810339099,"Rea, Colin"
607067,FF,1034,-0.0058200336234802575,92.0043152841889,"Rea, Colin"
607067,SI,265,-0.0017916041071897918,94.6388928111871,"Rea, Colin"
607067,SL,248,-0.0025344702875548636,96.49048744820679,"Rea, Colin"
607067,ST,230,-0.005420302749047076,95.53100762523378,"Rea, Colin"
607074,CH,501,-0.0008632574131052515,102.2009641971231,"Rodón, Carlos"
607074,CU,113,-0.002717900823374728,102.6447543474002,"Rodón, Carlos"
607074,FF,1318,0.00421409540365006,110.87029002509448,"Rodón, Carlos"
607074,SI,298,0.0021388707221394847,101.4930185451949,"Rodón, Carlos"
607074,SL,885,0.005799040680763208,112.43739469760287,"Rodón, Carlos"
607179,FF,57,3.4252668117181185e-05,103.01143080011265,"Weems, Jordan"
607192,CU,304,-0.0021801254686962287,103.29644244468547,"Glasnow, Tyler"
607192,FF,496,0.003163737777132181,108.89542799200468,"Glasnow, Tyler"
607192,SI,290,0.0002285872230176806,98.16178660525763,"Glasnow, Tyler"
607192,SL,311,0.004369922461846493,109.70265110968069,"Glasnow, Tyler"
607200,CH,270,-0.004971252922809476,93.67916364870287,"Fedde, Erick"
607200,FC,636,-0.0032798263641236657,97.7641588218392,"Fedde, Erick"
607200,SI,766,-0.02228245514812186,58.90609320556296,"Fedde, Erick"
607200,ST,603,-0.0029257209820070258,98.13552798427125,"Fedde, Erick"
607259,CH,500,0.0030121513605281505,110.24027693115272,"Martinez, Nick"
607259,CU,276,-0.015504099413047315,87.1501554262634,"Martinez, Nick"
607259,FC,524,-0.002802395553660847,98.69276842697317,"Martinez, Nick"
607259,FF,530,-0.00256623374181525,98.12204669998768,"Martinez, Nick"
607259,SI,414,-0.0009125939149623334,96.17174740016549,"Martinez, Nick"
607259,SL,250,-0.003083657792041777,95.43956878620763,"Martinez, Nick"
607455,FF,234,-0.0035387287250944837,96.29358049822801,"Banda, Anthony"
607455,SI,250,0.0031251996647733904,103.21302004156816,"Banda, Anthony"
607455,SL,504,0.004486020483693123,109.9248149003405,"Banda, Anthony"
607481,CU,324,-0.0008078701629540179,104.95937184709999,"Bummer, Aaron"
607481,FF,112,-0.006630445048878235,90.48059544363667,"Bummer, Aaron"
607481,SI,312,0.0015842382384009968,100.5258273164554,"Bummer, Aaron"
607481,ST,149,0.005977858246254091,107.43149642062552,"Bummer, Aaron"
607536,CH,144,-0.0005540405586164828,102.84241678730689,"Freeland, Kyle"
607536,FC,378,0.003815016644005833,111.56372772247198,"Freeland, Kyle"
607536,FF,817,-0.0015894814497012552,99.95851741122931,"Freeland, Kyle"
607536,KC,635,-0.0037006124867952255,98.93652140033885,"Freeland, Kyle"
607536,SI,133,0.0023308708359011626,101.82783634146888,"Freeland, Kyle"
607536,ST,303,0.0033545026582383923,104.69252705579736,"Freeland, Kyle"
607625,CH,213,-0.0018001402577240743,100.2574545900123,"Lugo, Seth"
607625,CS,112,-0.04989444346886428,79.37850246429144,"Lugo, Seth"
607625,CU,415,-0.000793824010503728,104.97639328604261,"Lugo, Seth"
607625,FC,318,-0.0028206946208343456,98.6571764853349,"Lugo, Seth"
607625,FF,482,-0.0072671031143180095,89.28356329977001,"Lugo, Seth"
607625,SI,338,-0.0008197280553166922,96.3336907546066,"Lugo, Seth"
607625,SL,132,-0.0069173970528716,88.10337103675408,"Lugo, Seth"
607625,SV,223,-0.004002685418135576,95.66151007836477,"Lugo, Seth"
608032,CH,158,-0.0037021217800498516,96.31190325195644,"Estévez, Carlos"
608032,FF,541,-0.00017040741971525604,102.62663287324939,"Estévez, Carlos"
608032,SL,314,-0.0010538572442500202,99.32377091823429,"Estévez, Carlos"
608331,CH,348,0.0011816196944902453,106.44294421287388,"Fried, Max"
608331,CU,551,-0.002135687123799704,103.35029381622971,"Fried, Max"
608331,FC,882,-0.0014296446031117891,101.36278822921615,"Fried, Max"
608331,FF,383,-0.001931651775179508,99.31517540315804,"Fried, Max"
608331,SI,538,-0.0011820644804039421,95.70183340316727,"Fried, Max"
608331,SL,53,0.005541358309151206,111.9442967829876,"Fried, Max"
608331,ST,362,0.01236528529680273,114.10042345874793,"Fried, Max"
608334,CH,130,-0.004147959302197426,95.38703893996573,"Fulmer, Carson"
608334,FF,114,-0.003571828658957537,96.23134664469697,"Fulmer, Carson"
608334,SI,106,-0.0022297808103895426,93.87478202359644,"Fulmer, Carson"
608334,SL,82,0.0011314800897419379,103.50560639025812,"Fulmer, Carson"
608337,CH,534,0.005453701246050912,115.30513182310494,"Giolito, Lucas"
608337,CU,82,-0.0009306617732097326,104.81057025150068,"Giolito, Lucas"
608337,FF,1144,0.000373314174597991,103.64892766701409,"Giolito, Lucas"
608337,SL,606,-0.005856356835168542,90.13376494922585,"Giolito, Lucas"
608371,FF,112,0.0027929317622498013,108.19824571623047,"Sims, Lucas"
608371,ST,111,-0.002561309200016465,98.51599974022163,"Sims, Lucas"
608372,CU,241,-0.005417905359185268,99.37282899177299,"Sugano, Tomoyuki"
608372,FC,297,-0.0007303981247643379,102.72283241136704,"Sugano, Tomoyuki"
608372,FF,472,-0.0014279148937807265,100.2622917153797,"Sugano, Tomoyuki"
608372,FS,587,-0.006782170665550349,91.3194926417093,"Sugano, Tomoyuki"
608372,SI,396,-0.00787500567207644,84.03040375407535,"Sugano, Tomoyuki"
608372,ST,499,0.0006783385120380519,101.89842180937951,"Sugano, Tomoyuki"
608379,CH,648,0.0053079235946185055,115.00272446482292,"Wacha, Michael"
608379,CU,200,-0.007570259424610413,96.76455861757613,"Wacha, Michael"
608379,FC,398,-0.004604954793306311,95.18676548984577,"Wacha, Michael"
608379,FF,679,-0.00044580338468203426,102.10883872243045,"Wacha, Michael"
608379,SI,333,-0.00618434096378024,86.97865529819966,"Wacha, Michael"
608379,SL,320,-0.005288268210279057,91.22085256991666,"Wacha, Michael"
608566,FF,699,-0.00624106440742729,91.21270137194882,"Márquez, Germán"
608566,KC,644,0.0012940400333153667,105.4744523785836,"Márquez, Germán"
608566,SI,403,0.0021988470610676022,101.59760778337326,"Márquez, Germán"
608566,SL,211,-0.001547062620530247,98.37997898943675,"Márquez, Germán"
608650,CH,207,-0.0016992266387271652,100.46679409188845,"Enns, Dietrich"
608650,FC,114,-0.001512625767661615,101.2013887033425,"Enns, Dietrich"
608650,FF,319,-0.0006713603837122257,101.68475082852034,"Enns, Dietrich"
608665,CH,66,-0.006974876946487436,89.52276078422258,"Graveman, Kendall"
608665,FF,52,-0.003615383557749178,96.14945556892705,"Graveman, Kendall"
608665,SI,128,0.0025668491476835698,102.23934515139338,"Graveman, Kendall"
608665,SL,71,-0.0014774839928321226,98.51312382198819,"Graveman, Kendall"
608717,CH,66,-0.0038632089849808394,95.97773710496783,"Stratton, Chris"
608717,CU,77,-0.0047367780948248265,100.19823411132435,"Stratton, Chris"
608717,FF,142,-0.0033566613441200362,96.63590005594145,"Stratton, Chris"
608717,SL,67,0.0006523481155753287,102.58874515598329,"Stratton, Chris"
608718,CH,246,-0.010766468082300985,81.65732292183125,"Suter, Brent"
608718,FF,467,-0.007365303481266534,89.09892887485985,"Suter, Brent"
608718,SI,271,-0.005756799206968888,87.72422042327226,"Suter, Brent"
608718,SL,134,-0.012459692169926059,77.49770116766094,"Suter, Brent"
612434,FF,50,0.0015299381205113604,105.82358957233032,"Castro, Miguel"
614179,CU,81,-0.0007502609027434107,105.02918402582117,"Ruiz, José"
614179,FF,107,0.00011602132491414896,103.16517064236088,"Ruiz, José"
615698,CU,224,-0.014888603957453077,87.89602646489391,"Quantrill, Cal"
615698,FC,422,-0.0033453753370056767,97.63666515261853,"Quantrill, Cal"
615698,FF,289,-0.002383802757844382,98.46504989700131,"Quantrill, Cal"
615698,FS,387,-0.0047849592242046384,96.47080028427834,"Quantrill, Cal"
615698,SI,434,-0.0003690837529973385,97.11954306088842,"Quantrill, Cal"
615698,SL,150,-0.0006056839335118032,100.18139002321514,"Quantrill, Cal"
620454,FF,81,-0.008896768346420248,86.2194983448702,"Castillo, José"
620454,SI,211,0.006040881133317077,108.29750684112494,"Castillo, José"
620454,SL,237,0.0028792581535117853,106.8501336587081,"Castillo, José"
621051,CH,71,-0.0035550138227720286,96.61707025324593,"Wilson, Steven"
621051,FF,325,0.005822021537908138,113.89348154995275,"Wilson, Steven"
621051,ST,568,-0.0019057152153756864,99.20048637554466,"Wilson, Steven"
621053,FC,105,-0.0017350159204267714,100.76883674519648,"Ferguson, Tyler"
621053,FF,366,-0.006274309262580523,91.15019504021937,"Ferguson, Tyler"
621053,SI,144,0.005006465800559252,106.49365029458205,"Ferguson, Tyler"
621053,ST,304,-0.002703581303505512,98.36745756976394,"Ferguson, Tyler"
621107,CH,179,-0.006994906785103164,89.48121003537267,"Eflin, Zach"
621107,CU,169,-0.004762900117702077,100.16657886487616,"Eflin, Zach"
621107,FC,225,-0.0033711815683636816,97.58647167162363,"Eflin, Zach"
621107,FF,145,-0.009951815269245157,84.23581958783339,"Eflin, Zach"
621107,SI,188,-0.005054234472762356,88.94938207259723,"Eflin, Zach"
621107,ST,143,-0.0031219209367091853,97.93068131088667,"Eflin, Zach"
621111,CH,142,-0.003575020336855642,96.57556788979714,"Buehler, Walker"
621111,FC,353,-0.0009757198800030717,102.24567816561952,"Buehler, Walker"
621111,FF,540,-0.001397354484502271,100.31975080405199,"Buehler, Walker"
621111,KC,277,-0.003160647003745323,99.64332873970841,"Buehler, Walker"
621111,SI,339,-0.0015380875183810077,95.08098559915916,"Buehler, Walker"
621111,SL,323,0.0008656820228502469,102.99697837789876,"Buehler, Walker"
621111,ST,135,2.0180679361887827e-05,101.21125833479876,"Buehler, Walker"
621112,CH,66,-0.0051899681407534945,93.22545150130148,"Blackburn, Paul"
621112,CU,83,-0.005770267426746011,98.94582882643175,"Blackburn, Paul"
621112,FC,180,8.350075877514327e-05,104.30587712548993,"Blackburn, Paul"
621112,SI,203,0.0008558963987444558,99.25571447688372,"Blackburn, Paul"
621112,ST,108,-0.00215398764110567,98.94127234778857,"Blackburn, Paul"
621121,CH,195,0.0035102856162083276,111.27362781072753,"McCullers Jr., Lance"
621121,FC,52,-0.0007713558169108672,102.64316912718452,"McCullers Jr., Lance"
621121,FF,62,-0.008810430308409606,86.3818294490332,"McCullers Jr., Lance"
621121,KC,188,-0.00418662950585016,98.30033185321032,"McCullers Jr., Lance"
621121,SI,283,-0.006571372527902281,86.30373353461853,"McCullers Jr., Lance"
621121,ST,367,-0.003875355688749263,97.14404197245233,"McCullers Jr., Lance"
621139,FF,133,-0.0005324369049048983,101.9459520583442,"Kriske, Brooks"
621139,FS,204,-0.004449732111728129,97.33543481958475,"Kriske, Brooks"
621199,FC,107,-0.0036270315244806947,97.08883992788876,"Bowman, Matt"
621199,SI,181,-0.00036742259882221984,97.1224398507355,"Bowman, Matt"
621199,ST,81,-0.005832144477832948,95.10101563960457,"Bowman, Matt"
621237,FC,130,-0.001891482760514079,100.46450655241067,"Alvarado, José"
621237,SI,263,0.010850743873129173,116.68514584493892,"Alvarado, José"
621242,FF,553,0.0001193926058489948,103.1715092593738,"Díaz, Edwin"
621242,SL,498,-0.0025102149774609123,96.53690212046726,"Díaz, Edwin"
621244,CH,421,-0.00553083669778204,92.51833927360718,"Berríos, José"
621244,FC,142,-0.0015234408491663306,101.18035321852355,"Berríos, José"
621244,FF,445,-0.005927558065949791,91.80214991336545,"Berríos, José"
621244,SI,842,-0.003912153399751182,90.94099062188413,"Berríos, José"
621244,SV,643,-0.0030539432105036483,97.51105725408577,"Berríos, José"
621345,FC,83,0.000522876393554188,105.16046888156477,"Minter, A.J."
621345,FF,69,0.005408012715212164,113.1150701930352,"Minter, A.J."
621363,FF,141,0.003847315621651884,110.1806777942827,"Poche, Colin"
621363,SL,50,-0.005537135561462491,90.7446229733141,"Poche, Colin"
621366,FS,97,-0.0031972543501322752,100.56588810654831,"Borucki, Ryan"
621366,SI,145,-0.0014715148665533796,95.19707776254563,"Borucki, Ryan"
621366,SL,228,-0.006979022841797064,87.98544466167624,"Borucki, Ryan"
621366,ST,87,0.008025044171214782,109.5689037771387,"Borucki, Ryan"
621381,FC,140,0.0020163488857048964,108.06529377099766,"Strahm, Matt"
621381,FF,367,0.0034417359322244548,109.41811473021669,"Strahm, Matt"
621381,SI,145,0.0012735557479980595,99.98404624799866,"Strahm, Matt"
621381,SL,307,0.001005055933157256,103.26368263125623,"Strahm, Matt"
621383,CH,68,-0.006836797257967512,89.80919916093822,"Banks, Tanner"
621383,FF,223,-0.008370330773613462,87.2092960566978,"Banks, Tanner"
621383,SI,130,0.0016272130085711138,100.60076851082157,"Banks, Tanner"
621383,SL,380,-0.0025590565332478084,96.443439501529,"Banks, Tanner"
621383,ST,254,0.0018697976693272536,103.14238970537012,"Banks, Tanner"
622253,ST,60,-0.006680849493325998,94.21490738655993,"Tate, Dillon"
622379,FF,77,-0.01257594573226842,79.30198039776707,"Castillo, Luis F."
622491,CH,312,8.04189185496048e-05,104.15856650258583,"Castillo, Luis"
622491,FF,1324,-0.012345496227112219,79.73526708678371,"Castillo, Luis"
622491,SI,628,0.005649144081072354,107.61437945134514,"Castillo, Luis"
622491,SL,585,-0.006540062668450718,88.82543361676917,"Castillo, Luis"
622503,CH,203,-0.006470395538559082,90.56927846628821,"Crismatt, Nabil"
622503,CU,83,-0.008199776585055347,96.00169576614618,"Crismatt, Nabil"
622503,FF,83,-0.006706869851023587,90.33690301323693,"Crismatt, Nabil"
622503,SI,135,-0.009126811962643708,81.84745179973498,"Crismatt, Nabil"
622554,FF,457,-9.600084642554555e-05,102.76653066890714,"Domínguez, Seranthony"
622554,FS,182,-0.0008193808366840941,106.69901840477787,"Domínguez, Seranthony"
622554,SI,140,0.0028058546002025,102.65613281543186,"Domínguez, Seranthony"
622554,ST,227,0.006151695114058865,107.61299444459532,"Domínguez, Seranthony"
622608,CH,173,-0.003026088895392268,97.71429461134717,"Senzatela, Antonio"
622608,CU,332,-0.0075205467641002955,96.82480152171254,"Senzatela, Antonio"
622608,FF,1253,-0.009168652133028159,85.70830772366752,"Senzatela, Antonio"
622608,SL,394,-0.004369429325522433,92.97913170677242,"Senzatela, Antonio"
622663,CH,143,-0.0014690215753257467,100.94434126323006,"Severino, Luis"
622663,FC,470,0.001643592888657177,107.34027814225294,"Severino, Luis"
622663,FF,736,-0.0005353681239638342,101.94044083713342,"Severino, Luis"
622663,SI,531,0.0009093803413952884,99.34898200398854,"Severino, Luis"
622663,SL,108,0.004401268734471631,109.76263496331306,"Severino, Luis"
622663,ST,644,0.0048682679255985335,106.27300539879488,"Severino, Luis"
622786,SI,85,0.0009241292825797299,99.37470182200322,"Tinoco, Jesus"
622786,SL,118,-0.006180497832247056,89.5134926011376,"Tinoco, Jesus"
623149,FF,170,-0.004379281845895628,94.71318882670901,"Sewald, Paul"
623149,ST,119,-0.005320420260775928,95.6352920297984,"Sewald, Paul"
623167,CU,115,0.00039655731651810526,106.41892376889554,"Flexen, Chris"
623167,FC,190,0.00039420645177750356,104.91020404484418,"Flexen, Chris"
623167,FF,277,-0.0012445980441985831,100.6069604997304,"Flexen, Chris"
623167,SL,60,-0.007071145620041837,87.80915961137617,"Flexen, Chris"
623211,CH,368,-0.0011876540478347717,101.52802202539644,"Brazobán, Huascar"
623211,FC,76,-0.0034256653115766027,97.48050002890093,"Brazobán, Huascar"
623211,FF,113,-0.004435089537724482,94.60826028716716,"Brazobán, Huascar"
623211,SI,358,0.00638483591421147,108.89730951572076,"Brazobán, Huascar"
623352,SI,428,0.007392237791166642,110.65405887277096,"Hader, Josh"
623352,SL,334,0.0019457167969547102,105.06372004707573,"Hader, Josh"
623433,CH,51,-0.005282730329781771,93.03302167233345,"Anderson, Nick"
623433,CU,71,-0.003202083372202715,102.0580112003977,"Anderson, Nick"
623433,FF,116,-0.003437698370895493,96.48353581026649,"Anderson, Nick"
623437,CH,138,-0.0021838315965199044,99.46150896308784,"Topa, Justin"
623437,FC,182,-0.017924137899631654,69.28076802587401,"Topa, Justin"
623437,SI,336,-0.0014163386628773705,95.29329632491844,"Topa, Justin"
623437,ST,279,-9.095593795595912e-06,101.18069182842768,"Topa, Justin"
623474,CH,71,-0.007764917946965846,87.88386614199447,"Herget, Jimmy"
623474,FF,96,-0.014372213002085724,75.92467352353201,"Herget, Jimmy"
623474,SI,350,-0.005376385401503804,88.38760186364011,"Herget, Jimmy"
623474,SL,357,-0.013460378575437776,75.5827995907512,"Herget, Jimmy"
623474,ST,389,-0.05347456538733717,45.35894791020318,"Herget, Jimmy"
624133,CH,464,-0.0025068752022905064,98.79137357216143,"Suarez, Ranger"
624133,CU,391,0.0030310518846176017,109.61146269329376,"Suarez, Ranger"
624133,FC,427,-0.004621983528141569,95.15364436237607,"Suarez, Ranger"
624133,FF,352,-0.013561845770626942,77.4483102714971,"Suarez, Ranger"
624133,SI,696,0.0030088253302433888,103.01008162936206,"Suarez, Ranger"
624133,SL,100,0.00508667064794281,111.0742118946013,"Suarez, Ranger"
628317,FS,54,-0.00599691766762623,93.34485644937466,"Maeda, Kenta"
628452,CH,262,-0.005372859951303534,92.846052953332,"Iglesias, Raisel"
628452,FF,382,-0.0033257194201381057,96.69407646115806,"Iglesias, Raisel"
628452,SI,213,0.0058655570914957645,107.99176947375378,"Iglesias, Raisel"
628452,SL,92,-0.0033974147941673596,94.83916712707895,"Iglesias, Raisel"
640448,FF,480,0.0021161371431882496,106.92574960286848,"Finnegan, Kyle"
640448,FS,299,-0.0023032458060861793,102.87175965831733,"Finnegan, Kyle"
640451,FF,75,-0.0016708730657895405,99.80548647360719,"Harvey, Hunter"
640455,CH,61,-0.00022561206638843553,103.52372281565435,"Manaea, Sean"
640455,FF,663,-0.007086686578130706,89.62277897114002,"Manaea, Sean"
640455,ST,371,0.00891981173901018,110.50310460299286,"Manaea, Sean"
640462,FF,79,0.0040982932239532165,110.65256101331921,"Puk, A.J."
641154,CH,249,-6.26052841704427e-05,103.8618710153834,"López, Pablo"
641154,CU,119,-0.0028241165373630883,102.51603979038549,"López, Pablo"
641154,FF,482,-0.005816228431806497,92.01146973175554,"López, Pablo"
641154,SI,71,-0.002337511241344594,93.68691721051206,"López, Pablo"
641154,ST,250,0.0016824802894370805,102.946817070321,"López, Pablo"
641302,CH,241,-0.0040205877226864115,95.65126396006764,"Alexander, Tyler"
641302,FC,249,-0.0029964120677837365,98.31540359290544,"Alexander, Tyler"
641302,FF,396,-0.004263392897432869,94.93108097943468,"Alexander, Tyler"
641302,SI,286,0.005890705556180524,108.0356244140476,"Alexander, Tyler"
641302,ST,349,0.0010331380266673823,102.26885767620026,"Alexander, Tyler"
641312,FF,60,-0.002230759048385759,98.75279971057199,"Anderson, Shaun"
641312,SL,67,0.002836446008261001,106.76820884789818,"Anderson, Shaun"
641329,CH,297,0.0012356988571586233,106.55512832724227,"Baker, Bryan"
641329,FF,498,0.0029220272307388787,108.44096851171129,"Baker, Bryan"
641329,SL,262,0.0009075357225734506,103.07706911877226,"Baker, Bryan"
641386,FF,110,0.0022986626952346836,107.26893060494322,"Bowden, Ben"
641386,SL,53,-0.005770387185242177,90.29827544652414,"Bowden, Ben"
641401,CH,352,-0.002159825291719451,99.51130866246208,"Brogdon, Connor"
641401,FC,136,-0.0010506298720710059,102.09997718313086,"Brogdon, Connor"
641401,FF,352,0.0004452818511915459,103.78423989641682,"Brogdon, Connor"
641482,CH,75,-0.007124360356635104,89.21266604250076,"Cortes, Nestor"
641482,FC,185,-0.008337615695435906,87.9266878189777,"Cortes, Nestor"
641482,FF,198,-0.00028398115028547253,102.41309374829149,"Cortes, Nestor"
641482,ST,76,0.0012229878684593132,102.46707438115672,"Cortes, Nestor"
641540,CH,67,-0.007419103023521394,88.60123932249073,"Dunning, Dane"
641540,FC,147,-0.0028211482545439327,98.65629416142387,"Dunning, Dane"
641540,SI,111,-0.0035273052840116056,91.61210479722287,"Dunning, Dane"
641656,FF,83,-0.007617306818827778,88.62511708828627,"Hamilton, Ian"
641656,SI,314,0.0025202571458198602,102.15809607772167,"Hamilton, Ian"
641656,SL,244,-0.0071597558514932625,87.63959612874856,"Hamilton, Ian"
641672,CH,102,-0.004013252234561187,95.6664810085237,"Hatch, Thomas"
641672,FC,160,0.00036199366843447933,104.84754973061709,"Hatch, Thomas"
641672,FF,70,0.0007463113342445078,104.35022969066698,"Hatch, Thomas"
641672,SI,102,-0.00123151982138641,95.61559111946592,"Hatch, Thomas"
641672,SL,108,0.0024678554454348393,106.06287834065607,"Hatch, Thomas"
641745,CH,121,-0.008961616471709975,85.4013838412306,"Keller, Brad"
641745,FF,458,-0.004533609756298888,94.42302448343494,"Keller, Brad"
641745,SI,162,-0.0009333597020564794,96.13553515561762,"Keller, Brad"
641745,SL,179,0.0035775425343133813,108.18636232591444,"Keller, Brad"
641745,ST,160,0.0033002100803059876,104.63584175229762,"Keller, Brad"
641755,CU,146,0.0009393981376452345,107.07675031072472,"Kinley, Tyler"
641755,FF,269,-0.008430375328086676,87.09640145020452,"Kinley, Tyler"
641755,SL,763,0.0005511212862653018,102.39503870208955,"Kinley, Tyler"
641778,CH,134,-0.005747627335298222,92.0686195576743,"Lauer, Eric"
641778,CU,242,-0.013462059437932277,89.62474474015782,"Lauer, Eric"
641778,FC,352,0.0008786420289394217,105.85243801919763,"Lauer, Eric"
641778,FF,783,-0.004533722187994966,94.42281309154109,"Lauer, Eric"
641778,SL,170,-0.0020393093863972085,97.43802144609894,"Lauer, Eric"
641793,FF,638,-0.0072957067632815785,89.22978327388182,"Littell, Zack"
641793,FS,715,-0.002765577879683558,101.67928964997297,"Littell, Zack"
641793,SI,408,-0.006740793311288215,86.00829051521126,"Littell, Zack"
641793,SL,714,-0.002559016995276755,96.44351516091909,"Littell, Zack"
641793,ST,138,-0.007294272333704124,93.57445041795187,"Littell, Zack"
641816,FC,171,-0.0018294919418143476,100.58507956197175,"Mahle, Tyler"
641816,FF,644,0.003988961434933687,110.44699750457387,"Mahle, Tyler"
641816,FS,370,-0.003278723326788954,100.35575924718175,"Mahle, Tyler"
641816,SL,135,-0.003976863462001482,93.73034106362664,"Mahle, Tyler"
641835,SI,173,0.006226764764306014,108.62165845995352,"Mayza, Tim"
641835,SL,79,-0.0012728111720621833,98.90478329201217,"Mayza, Tim"
641927,CH,659,-0.006111940314208431,91.31287322442255,"Ober, Bailey"
641927,CU,78,-0.008471150063157368,95.67283936902898,"Ober, Bailey"
641927,FF,811,-0.0028332222527560937,97.6200600811289,"Ober, Bailey"
641927,SI,73,-0.009685631784010832,80.87295851721227,"Ober, Bailey"
641927,SL,406,-0.010639554898803963,80.9806941527426,"Ober, Bailey"
641927,ST,250,-0.0024042955309269017,98.67993315110203,"Ober, Bailey"
641941,FC,194,0.0032451997273063773,110.4554258483177,"Pagán, Emilio"
641941,FF,633,0.008771183476676093,119.43843861530439,"Pagán, Emilio"
641941,FS,214,0.00353712900326844,117.93554648031983,"Pagán, Emilio"
642016,FC,66,-0.0006363562044333031,102.90574526196414,"Robert, Daniel"
642016,FF,60,-0.0002034741869768671,102.56446137891896,"Robert, Daniel"
642016,ST,106,-0.003958047472653286,97.05770588295276,"Robert, Daniel"
642048,SI,85,0.005168858678970377,106.77683776054205,"Saucedo, Tayler"
642100,FF,392,-0.005332134187115719,92.92165433949383,"Speier, Gabe"
642100,SI,262,0.004910884706806907,106.32697200180073,"Speier, Gabe"
642100,SL,226,1.6281101294080788e-05,101.37157489968848,"Speier, Gabe"
642121,CH,151,-0.0013675682116838096,101.15480043434663,"Sulser, Cole"
642121,FC,81,-0.002297525440722152,99.67474785927136,"Sulser, Cole"
642121,FF,153,0.003013144709185843,108.61228582706447,"Sulser, Cole"
642152,CH,137,-0.0017266915811044775,100.40981964767096,"Trivino III, Lou"
642152,FC,194,-0.0014097545421482773,101.40147467603241,"Trivino III, Lou"
642152,FF,129,-0.007092131551173732,89.61254143845363,"Trivino III, Lou"
642152,SI,184,0.004687309974700759,105.9370930707953,"Trivino III, Lou"
642152,ST,168,-0.0004897201955654531,100.67888564315712,"Trivino III, Lou"
642207,CH,562,0.007647654312340722,119.85636134595876,"Williams, Devin"
642207,FF,524,0.0007232195866474271,104.3068130348006,"Williams, Devin"
642216,CH,56,-0.0036775879964677316,96.36279717574264,"Winans, Allan"
642216,SI,53,-0.0048920491640016715,89.23220756995433,"Winans, Allan"
642232,CH,209,0.002473253902282879,109.12236513101361,"Yarbrough, Ryan"
642232,FC,262,-0.010310004041615813,84.09036489389996,"Yarbrough, Ryan"
642232,FF,140,-0.006439575198133493,90.83946523424974,"Yarbrough, Ryan"
642232,SI,203,0.004273267060942564,105.21506779054236,"Yarbrough, Ryan"
642232,ST,191,0.0017167086246859524,102.98255388087159,"Yarbrough, Ryan"
642239,FC,115,0.0030631753330058217,110.10138585506228,"Zastryzny, Rob"
642239,FF,154,0.00035608078665122717,103.61652578531367,"Zastryzny, Rob"
642239,ST,50,0.004822025431785733,106.22472495428133,"Zastryzny, Rob"
642397,FF,66,0.0017981085900718233,106.32779848685645,"Soto, Gregory"
642397,SI,525,0.01529855935756738,124.44143176350529,"Soto, Gregory"
642397,SL,327,0.004562952433515551,110.07203096245375,"Soto, Gregory"
642397,ST,78,0.010216008335238514,111.85642581651136,"Soto, Gregory"
642528,CH,88,-0.0012435354293219543,101.41209931168387,"Loáisiga, Jonathan"
642528,CU,77,0.001935743022817429,108.28414313155409,"Loáisiga, Jonathan"
642528,SI,270,0.004215487645389523,105.1143096388598,"Loáisiga, Jonathan"
642547,CH,631,0.002635908967712669,109.45978371448298,"Peralta, Freddy"
642547,CS,73,-0.005359809096361995,101.8893012999692,"Peralta, Freddy"
642547,CU,375,-0.005877517578434587,98.81586071487843,"Peralta, Freddy"
642547,FF,1599,0.001706773822187403,106.15607262811824,"Peralta, Freddy"
642547,SL,282,-0.002390922637530834,96.7651785201337,"Peralta, Freddy"
642585,FS,169,-0.004079925494107346,98.28925854409685,"Bautista, Félix"
642585,SI,357,0.014035008921084472,122.23799987830678,"Bautista, Félix"
642585,SL,51,0.0001948097824602954,101.71320525581785,"Bautista, Félix"
642701,CH,59,-0.003842972912549404,96.01971567401365,"Santana, Dennis"
642701,FC,99,0.00017778766917704483,104.48926648520204,"Santana, Dennis"
642701,FF,269,-0.00401103658221128,95.40555642775769,"Santana, Dennis"
642701,SI,83,0.003929068787000283,104.61484050262675,"Santana, Dennis"
642701,SL,447,-0.0006274162479820523,100.13980332530483,"Santana, Dennis"
642759,FF,52,0.0013449763069869592,105.47582795868668,"Fernández, Julian"
643338,FF,340,0.006338682439481732,114.86489735418908,"Green, Chad"
643338,SL,322,-0.0020122349508354723,97.4898307632492,"Green, Chad"
643361,CH,79,-0.00038851477118533934,103.18579051855276,"Herget, Kevin"
643361,FF,95,-0.005126652731192543,93.30799658670728,"Herget, Kevin"
643377,CH,238,0.0020520296686391557,108.24855967119912,"Jax, Griffin"
643377,FF,184,0.0042603197930302285,110.95720022528246,"Jax, Griffin"
643377,SI,126,0.006000832706737879,108.22766872661147,"Jax, Griffin"
643377,ST,479,0.004006387637189292,105.37314122602073,"Jax, Griffin"
643410,CU,205,-0.00259635295135412,102.79204875343251,"Leiter Jr., Mark"
643410,FS,242,-0.002950117412874834,101.20331605598844,"Leiter Jr., Mark"
643410,SI,314,-0.0026700667575835484,93.10699304846658,"Leiter Jr., Mark"
643511,SI,707,-0.027598035925801033,49.63656202128484,"Rogers, Tyler"
643511,SL,236,0.0623326497310299,220.61943506757868,"Rogers, Tyler"
645261,CH,652,-0.0021543844618470455,99.52259535128174,"Alcantara, Sandy"
645261,FC,465,-0.0018181932466187166,100.6070556821848,"Alcantara, Sandy"
645261,FF,476,-0.004604219452027005,94.29026550331142,"Alcantara, Sandy"
645261,SI,717,0.003128325993180888,103.2184718632745,"Alcantara, Sandy"
645261,SL,490,0.008461622486297251,117.53247950137921,"Alcantara, Sandy"
647315,SI,70,0.0008448318618840339,99.23641967660565,"Pop, Zach"
647336,CH,146,-0.0015904330960450988,100.69248004249441,"Soroka, Michael"
647336,FF,649,-0.0008919914409449899,101.26992459481751,"Soroka, Michael"
647336,SI,146,0.004545228133792989,105.68932483810386,"Soroka, Michael"
647336,SV,503,-0.010235326872101918,83.51114477814481,"Soroka, Michael"
650556,FF,574,0.0011073804994355143,105.02910493054034,"Abreu, Bryan"
650556,SL,553,0.0016795242332968891,104.5543371304073,"Abreu, Bryan"
650633,CH,240,0.00556366372982969,115.53324267482277,"King, Michael"
650633,FF,276,-0.002334816664557181,98.55715259929995,"King, Michael"
650633,SI,338,0.004631282517194993,105.8393900565346,"King, Michael"
650633,SL,65,-0.0039023727139395376,93.87288567115137,"King, Michael"
650633,ST,224,-0.002879583518108575,98.1836987701022,"King, Michael"
650644,CU,323,-0.01453591472016584,88.32342310176308,"Civale, Aaron"
650644,FC,581,0.0014831087146990793,107.02813417888993,"Civale, Aaron"
650644,FF,264,-0.003065115621569875,97.18405866767333,"Civale, Aaron"
650644,FS,98,-0.009309012400062412,84.80213605687824,"Civale, Aaron"
650644,SI,278,-0.0024641103117959994,93.46614847788784,"Civale, Aaron"
650644,SL,135,-0.009430226883678524,83.29484982669786,"Civale, Aaron"
650893,CU,139,-0.008420219500641264,95.73455815381716,"Cabrera, Génesis"
650893,FC,146,-0.0029078281703769876,98.48770051256248,"Cabrera, Génesis"
650893,FF,163,-0.0018363179021819917,99.49442030174973,"Cabrera, Génesis"
650893,FS,93,-0.002916468140146237,101.29010594322087,"Cabrera, Génesis"
650893,SI,174,0.007001340325524356,109.97239558908205,"Cabrera, Génesis"
650911,CH,1043,0.0009219629875774606,105.90430130001207,"Sánchez, Cristopher"
650911,SI,1288,-0.0017287452266604904,94.74850874548386,"Sánchez, Cristopher"
650911,SL,470,-0.011186409857354909,79.93423902284141,"Sánchez, Cristopher"
655889,FF,69,0.0020027685815375003,106.7125962325328,"Rodríguez, Manuel"
655889,SI,135,0.0025072061504168366,102.13533720828971,"Rodríguez, Manuel"
655889,SL,204,0.002061310199830283,105.28491820488783,"Rodríguez, Manuel"
656186,CH,107,-0.0007528389108973276,102.43002103285926,"Altavilla, Dan"
656186,FF,121,-0.003590513582445762,96.19621561403038,"Altavilla, Dan"
656186,SI,114,0.013216412185054077,120.81049679080878,"Altavilla, Dan"
656186,SL,114,-0.0019034585815812502,97.6979839267859,"Altavilla, Dan"
656222,CH,334,0.0019086426822860756,107.95111161020355,"Beeks, Jalen"
656222,FC,87,-0.001660684271726119,100.91341284174533,"Beeks, Jalen"
656222,FF,473,-0.0022270507162549013,98.75977204470507,"Beeks, Jalen"
656234,CU,213,-0.014380385093770794,88.51189735112223,"Bird, Jake"
656234,SI,309,-0.00874460450487368,82.51396108570802,"Bird, Jake"
656234,ST,379,-0.003398059955734209,97.64237258255474,"Bird, Jake"
656240,FF,256,-0.004283714566270191,94.89287257191458,"Blewett, Scott"
656240,FS,135,-0.0055414748343604586,94.51955738448169,"Blewett, Scott"
656240,SL,314,-0.003581825706179611,94.4862806041217,"Blewett, Scott"
656271,CH,214,0.004143494350313988,112.58718293142303,"Burke, Brock"
656271,FF,417,0.001076286703281891,104.97064297821274,"Burke, Brock"
656271,SI,78,0.004074411260565587,104.86829476237031,"Burke, Brock"
656271,SL,276,0.0012460154437550059,103.7247798783794,"Burke, Brock"
656288,CH,296,-0.0054182300185660805,92.75193535676539,"Canning, Griffin"
656288,FF,448,-0.007312360276374973,89.19847166163149,"Canning, Griffin"
656288,KC,86,-0.005642620291625864,96.39446007854059,"Canning, Griffin"
656288,SL,365,0.00802352931183023,116.6941496250067,"Canning, Griffin"
656302,FF,1253,0.010060610781165989,121.8627948191131,"Cease, Dylan"
656302,KC,246,0.004164659246964398,109.23205317425317,"Cease, Dylan"
656302,SI,116,0.0038742364561365887,104.51922159998831,"Cease, Dylan"
656302,SL,1200,0.005478313843893071,111.8236556457909,"Cease, Dylan"
656302,ST,108,3.1720168475725654e-05,101.22330638017735,"Cease, Dylan"
656427,CH,63,-0.002684297366714519,98.42332149067332,"Flaherty, Jack"
656427,FF,1245,-0.003875155652896507,95.66103711504923,"Flaherty, Jack"
656427,KC,676,-0.006588879411995511,95.15581999465054,"Flaherty, Jack"
656427,SL,629,-0.0015415421105007298,98.39054297162203,"Flaherty, Jack"
656457,FC,154,-0.009535717333412984,85.596363372858,"Gilbert, Tyler"
656457,FF,102,-0.009541357801222772,85.00755375658775,"Gilbert, Tyler"
656457,FS,66,-0.004946567067456657,96.05397325194255,"Gilbert, Tyler"
656457,SI,263,0.00579452368293795,107.86789845696534,"Gilbert, Tyler"
656457,ST,254,-0.0022577711525506076,98.83291499824718,"Gilbert, Tyler"
656464,FF,248,0.0011447738165073925,105.09941111989164,"Ginkel, Kevin"
656464,SL,209,-0.0008939692057934195,99.62973076268024,"Ginkel, Kevin"
656546,FF,407,0.009546448365336897,120.8960766193045,"Hoffman, Jeff"
656546,FS,256,-0.0024683878754103716,102.44581697332741,"Hoffman, Jeff"
656546,SI,97,0.0037946103552853527,104.38036628844411,"Hoffman, Jeff"
656546,SL,329,0.002727956473749516,106.56060456790597,"Hoffman, Jeff"
656550,CU,273,-0.0049340512669004966,99.95917410785454,"Holmes, Grant"
656550,FC,294,-0.0015132631329079294,101.2001490190223,"Holmes, Grant"
656550,FF,601,-0.004696111624125388,94.11749162398341,"Holmes, Grant"
656550,SL,677,0.00045475617625360986,102.21063557629101,"Holmes, Grant"
656557,FS,123,-0.002440793394995806,102.51699003738541,"Houck, Tanner"
656557,SI,262,0.0032064886146624047,103.35477509853155,"Houck, Tanner"
656557,ST,237,-0.004182070954362943,96.82380947325217,"Houck, Tanner"
656605,CH,189,-0.004786455292974121,94.06251570922912,"Keller, Mitch"
656605,CU,206,-0.006235313986499288,98.38227509523509,"Keller, Mitch"
656605,FF,965,-0.0017297475234073398,99.69479186052232,"Keller, Mitch"
656605,SI,502,0.00010729206728574788,97.95026706005942,"Keller, Mitch"
656605,SL,385,0.002652847176110984,106.4168763112849,"Keller, Mitch"
656605,ST,534,0.0013772041985905931,102.62808717168936,"Keller, Mitch"
656629,FF,183,0.011034567291678827,123.69400895602466,"Kopech, Michael"
656641,CH,314,0.0030633011209218264,110.34638416889062,"Latz, Jacob"
656641,CU,88,-0.008226711133664305,95.96905588300258,"Latz, Jacob"
656641,FF,665,0.005189754244483788,112.70470485045121,"Latz, Jacob"
656641,SL,282,0.003725995120217987,108.47043942467316,"Latz, Jacob"
656686,CU,67,0.006895796825011164,114.29484629350299,"Martin, Corbin"
656686,FF,147,0.002217434414980781,107.11620676818829,"Martin, Corbin"
656686,SL,108,-0.0009930981094738753,99.44003887426294,"Martin, Corbin"
656730,FF,453,0.01158003267591271,124.7195823897697,"Megill, Trevor"
656730,KC,296,0.0023469734012635584,106.85272757523003,"Megill, Trevor"
656731,CH,86,0.0036405161272553012,111.54378351996321,"Megill, Tylor"
656731,CU,84,-0.00865099609862747,95.45489795605761,"Megill, Tylor"
656731,FF,480,0.0008182118930108118,104.48541572643296,"Megill, Tylor"
656731,SI,225,0.001924351373956799,101.11893076988343,"Megill, Tylor"
656731,SL,266,0.0014176869088095873,104.05328834749896,"Megill, Tylor"
656794,CH,102,-0.0026980026199381947,98.39489073066838,"Newcomb, Sean"
656794,CU,78,0.0037637004357888005,110.49930245042992,"Newcomb, Sean"
656794,FC,195,-0.005220470806503167,93.989578233719,"Newcomb, Sean"
656794,FF,453,-0.0055619666216215,92.48952785474332,"Newcomb, Sean"
656794,SI,322,0.002396665749351403,101.94257225227562,"Newcomb, Sean"
656794,SV,332,0.01140909293296197,125.7063535488148,"Newcomb, Sean"
656848,FF,183,0.005192545948310873,112.70995375782957,"Petersen, Michael"
656848,SL,135,0.0005253058269402202,102.34563854685814,"Petersen, Michael"
656849,CH,390,-0.004633695076147258,94.37940799804899,"Peterson, David"
656849,CU,363,-0.001974430289594123,103.54570842298592,"Peterson, David"
656849,FF,582,-0.009515941128183934,85.05534169216762,"Peterson, David"
656849,SI,769,-0.001331030153623623,95.44206085693956,"Peterson, David"
656849,SL,503,-0.003912410658422756,93.85367718024554,"Peterson, David"
656876,CU,94,-0.007534036363296686,96.80845452634179,"Rasmussen, Drew"
656876,FC,695,0.002166667622722664,108.35766581730734,"Rasmussen, Drew"
656876,FF,805,0.0038780776056448517,110.2385158798228,"Rasmussen, Drew"
656876,SI,513,0.0021684025747733975,101.54451741998749,"Rasmussen, Drew"
656876,ST,106,0.00323150061424558,104.56410419469282,"Rasmussen, Drew"
656945,FF,448,0.005463238423180273,113.21890449781222,"Scott, Tanner"
656945,SL,412,0.007380214515842895,115.46311010003626,"Scott, Tanner"
656986,FF,295,0.0003571067215566241,103.61845472822029,"Sousa, Bennett"
656986,SL,418,0.0012638843288130192,103.75897356382045,"Sousa, Bennett"
657006,FF,109,-0.0047891378784063595,93.9425854653362,"Steele, Justin"
657024,FF,59,0.0025106876139835872,107.66757574402246,"Swanson, Erik"
657024,FS,56,-0.0007942876802969424,106.76373992879749,"Swanson, Erik"
657044,FF,50,-0.01029691201634705,83.58697537859614,"Thompson, Ryan"
657044,SI,330,0.006615321626315673,109.29924010152841,"Thompson, Ryan"
657044,SL,247,-0.017837157054438522,67.20744846670215,"Thompson, Ryan"
657097,CH,315,-0.0002856293546626278,103.399220401053,"Webb, Jacob"
657097,FF,405,0.0010910095136717213,104.99832452069427,"Webb, Jacob"
657097,ST,190,-0.005423121123136585,95.52806504271655,"Webb, Jacob"
657240,FF,158,-0.0007441688467454846,101.54785776876442,"Merryweather, Julian"
657240,SL,164,-0.0013190607762514513,98.81628060075377,"Merryweather, Julian"
657277,CH,783,-0.0004168168009854413,103.1270795845943,"Webb, Logan"
657277,FC,242,-0.0029200465684301557,98.46393555742578,"Webb, Logan"
657277,FF,256,-0.0092613944061668,85.53393550085505,"Webb, Logan"
657277,SI,1067,-0.0058091181008481365,87.63298455674624,"Webb, Logan"
657277,ST,856,0.0007420622443413921,101.96495390719679,"Webb, Logan"
657376,FC,501,0.003397770928920423,110.75217896977689,"Schmidt, Clarke"
657376,FF,93,-0.0011741525127280344,100.73941082140153,"Schmidt, Clarke"
657376,KC,223,0.0046134208847931485,109.81947594330367,"Schmidt, Clarke"
657376,SI,102,0.0046875789480776905,105.93756211777426,"Schmidt, Clarke"
657376,SL,158,-0.0010202847995141027,99.38801474828077,"Schmidt, Clarke"
657376,ST,149,-0.0006647785568759064,100.49611229330064,"Schmidt, Clarke"
657424,FF,146,-0.00864749885150646,86.68817001353288,"Gage, Matt"
657424,SI,50,0.0022820436573238114,101.74268947353609,"Gage, Matt"
657424,SL,270,-0.00013643297413552688,101.07934306537378,"Gage, Matt"
657514,CH,98,-0.010184440172006547,82.86470636551473,"Bernardino, Brennan"
657514,CU,218,0.007056964781530609,114.49015319630871,"Bernardino, Brennan"
657514,FC,99,-0.0005503121226663805,103.07310220467222,"Bernardino, Brennan"
657514,SI,367,0.0032474125529336016,103.42613996680356,"Bernardino, Brennan"
657571,FC,231,0.00355405457145474,111.05615284075938,"Ferguson, Caleb"
657571,FF,306,-0.0025683798829798914,98.11801156700373,"Ferguson, Caleb"
657571,SI,236,0.004686158566786524,105.93508519771177,"Ferguson, Caleb"
657571,SV,221,-0.0013459193698294898,100.84080335916114,"Ferguson, Caleb"
657585,FC,271,0.0004341317172874473,104.9878592447759,"Garrett, Reed"
657585,FS,217,-0.0007974326686074202,106.75562821764655,"Garrett, Reed"
657585,SI,233,0.0077102270704052555,111.20858182396867,"Garrett, Reed"
657585,ST,202,0.002751342795390613,104.06278536390434,"Garrett, Reed"
657612,FF,116,0.0016032256475823645,105.96138335899647,"Hill, Tim"
657612,SI,712,-0.02644582586578784,51.64583392003574,"Hill, Tim"
657649,CH,95,0.007491013016796818,119.53141798243317,"Koenig, Jared"
657649,CU,161,-0.0012955090177179638,104.36844027193796,"Koenig, Jared"
657649,FC,173,-0.0001367190327935511,103.87754655023222,"Koenig, Jared"
657649,SI,572,0.00848896774115636,112.56658224460092,"Koenig, Jared"
657746,FF,1352,-0.0034935997479581564,96.37843112556546,"Ryan, Joe"
657746,FS,298,-0.004360511508534331,97.56555706182323,"Ryan, Joe"
657746,KC,109,-0.01946389662564322,78.30260076716402,"Ryan, Joe"
657746,SI,337,-0.0021355846896071325,94.0390451428208,"Ryan, Joe"
657746,SL,255,-0.004740452330431664,92.26914650735607,"Ryan, Joe"
657746,ST,362,-0.004626761522433188,96.35952096873658,"Ryan, Joe"
657756,FF,94,-0.009285323144719401,85.4889451508312,"Seabold, Connor"
660271,CU,66,-0.005276660852056618,99.54399221690386,"Ohtani, Shohei"
660271,FC,50,0.003227959097712301,110.42189258257791,"Ohtani, Shohei"
660271,FF,292,0.00547356153666062,113.23831381551594,"Ohtani, Shohei"
660271,SI,53,0.008524286891838958,112.62817325080466,"Ohtani, Shohei"
660271,SL,85,0.0035884709518594557,108.20727481545846,"Ohtani, Shohei"
660271,ST,172,0.006326901507976757,107.79592235099709,"Ohtani, Shohei"
660604,CH,54,-0.001324442384497228,101.24426248387944,"Rangel, Alan"
660604,FF,76,0.0035160685987839792,109.5578735678741,"Rangel, Alan"
660730,CU,63,-0.009114468296516746,94.89325207147137,"Rodríguez, Elvin"
660730,FF,123,0.007047454852265839,116.19751749495877,"Rodríguez, Elvin"
660761,CH,70,0.0006498657171635256,105.33985115327758,"Suarez, José"
660761,FF,104,0.0019463672707878197,106.60655158221185,"Suarez, José"
660761,SL,52,0.004003192969461312,109.00088192464956,"Suarez, José"
660787,CH,163,-0.0011992511789702261,101.50396444348411,"De los Santos, Yerry"
660787,FF,65,-0.003308578729719067,96.72630405476512,"De los Santos, Yerry"
660787,SI,306,0.0026888283285610715,102.45205752813396,"De los Santos, Yerry"
660787,SL,56,-0.005428815976448017,90.9519020399747,"De los Santos, Yerry"
660825,FF,143,-0.005781992952894665,92.07583861505843,"Bazardo, Eduard"
660825,SI,462,0.004632116379853314,105.84084418097329,"Bazardo, Eduard"
660825,ST,468,-0.007422972352676288,93.44007846668917,"Bazardo, Eduard"
660853,CH,163,-0.0028231449143020465,98.13529023446014,"De Los Santos, Enyel"
660853,FF,523,-0.004802131195811465,93.91815568201345,"De Los Santos, Enyel"
660853,SL,385,-0.00383232265545279,94.00693262804022,"De Los Santos, Enyel"
660896,CU,244,0.0024029184844605836,108.8502767132587,"Alcala, Jorge"
660896,FF,486,0.003709743342972207,109.9220170647264,"Alcala, Jorge"
660896,SI,137,0.00639119142783618,108.9083925251228,"Alcala, Jorge"
660896,SL,162,-0.0009311610024774887,99.55856098389025,"Alcala, Jorge"
661395,FF,368,-0.0028546376459246403,97.57979527433879,"Duran, Jhoan"
661395,FS,418,-0.0008305568685217618,106.67019262447883,"Duran, Jhoan"
661395,KC,201,0.022340828026222084,133.02440638586012,"Duran, Jhoan"
661395,ST,62,0.023264618633660458,125.48010078616821,"Duran, Jhoan"
661403,FC,496,0.00788961584985446,119.48888017745148,"Clase, Emmanuel"
661403,SL,212,0.003928261070953186,108.85749313688974,"Clase, Emmanuel"
661563,CH,229,0.003281519568341481,110.79906579439466,"Gil, Luis"
661563,FF,491,0.004172994656197676,110.79301319706362,"Gil, Luis"
661563,SL,250,0.0014164455329373595,104.05091286542769,"Gil, Luis"
662253,FF,352,0.001340174862248618,105.4668003754347,"Muñoz, Andrés"
662253,SI,121,0.00628094032538135,108.71613206007683,"Muñoz, Andrés"
662253,SL,502,0.0015089124201141707,104.22785639847815,"Muñoz, Andrés"
663158,CH,242,-0.0012579141052359894,101.38227157501758,"Suarez, Robert"
663158,FF,663,0.008894518606151574,119.67033093311888,"Suarez, Robert"
663158,SI,131,0.004966808565206229,106.42449435562413,"Suarez, Robert"
663321,FF,95,0.0010735738831020793,104.9655423863377,"Hernandez, Nick"
663321,SL,101,-0.004357814209623318,93.00135825409905,"Hernandez, Nick"
663362,KN,77,-0.015817142841209622,88.48796887573617,"Waldron, Matt"
663372,CH,74,-0.0026174777621408058,98.56193491942619,"Feltner, Ryan"
663372,FF,146,-0.006340288577694207,91.02614201190057,"Feltner, Ryan"
663372,SI,53,-0.0027836396137608287,92.90893997090946,"Feltner, Ryan"
663372,SL,77,0.0013850674377308323,103.99086811648291,"Feltner, Ryan"
663372,ST,60,-0.003671982703478231,97.3563777986879,"Feltner, Ryan"
663399,CH,75,-0.004669097524990017,94.30596765293397,"Waddell, Brandon"
663399,FF,116,-0.0069229375552948055,89.93065670724619,"Waddell, Brandon"
663399,SI,111,1.6048978117445636e-05,97.79115356037431,"Waddell, Brandon"
663399,SL,89,-0.003908586802138957,93.86099446604797,"Waddell, Brandon"
663399,ST,121,0.006685100389682507,108.16990739823571,"Waddell, Brandon"
663423,CU,117,-0.0028336704220151645,102.50446218115437,"Thornton, Trent"
663423,FC,135,0.0020168793852563894,108.06632560004647,"Thornton, Trent"
663423,FF,203,-0.00160204435376933,99.93489688271309,"Thornton, Trent"
663423,ST,112,-0.00025998693269814666,100.91874346950368,"Thornton, Trent"
663432,FF,106,0.005884175743802807,114.01034268212271,"Rainey, Tanner"
663432,SL,95,-0.0009342947721147778,99.55256423966841,"Rainey, Tanner"
663436,CH,533,-0.002880672471242076,98.01595262439636,"Martin, Davis"
663436,CU,108,-0.008022349236179489,96.21670616108034,"Martin, Davis"
663436,FF,742,-0.0031428777143284697,97.03785188940519,"Martin, Davis"
663436,SI,234,0.001979499610317564,101.21510056168692,"Martin, Davis"
663436,SL,476,0.0008940981752941696,103.05135518848084,"Martin, Davis"
663436,ST,82,-0.004885608967270389,96.08926587071937,"Martin, Davis"
663455,CH,108,0.005650296446725002,115.71295726618628,"Pilkington, Konnor"
663455,FF,295,0.0016005430346583234,105.95633956221772,"Pilkington, Konnor"
663455,SL,97,0.0025779228704852788,106.27350205317437,"Pilkington, Konnor"
663460,CH,368,0.0017091893595455115,107.53735715718636,"Bubic, Kris"
663460,FF,636,0.003529937996959291,109.58395054126555,"Bubic, Kris"
663460,SI,114,0.002262210469094147,101.70810353373615,"Bubic, Kris"
663460,SL,231,0.0024055505276273873,105.94365239264519,"Bubic, Kris"
663460,ST,351,0.0019286901675990718,103.20387765207533,"Bubic, Kris"
663465,CH,200,-0.007591200426249997,88.24423315306092,"Allard, Kolby"
663465,CU,132,-0.01744912702567738,84.79312784399347,"Allard, Kolby"
663465,FC,193,-0.008093238293091946,88.40200528513432,"Allard, Kolby"
663465,FF,389,-0.008403105225950027,87.14767416721872,"Allard, Kolby"
663465,SI,86,-0.0007898967408881047,96.38571184335102,"Allard, Kolby"
663474,FF,79,0.009601526999314864,120.9996343984184,"McKenzie, Triston"
663485,CU,213,-0.004107151760566956,100.96122926200121,"Sands, Cole"
663485,FC,264,-0.0019079052436113257,100.43256459305226,"Sands, Cole"
663485,FF,299,-0.0063819174241974645,90.94787226227906,"Sands, Cole"
663485,FS,246,-0.006745069789403493,91.4151850771144,"Sands, Cole"
663485,SI,103,0.0018911951295909975,101.06111152981227,"Sands, Cole"
663542,FF,171,-0.007961006716304944,87.97889920861542,"Hudson, Bryan"
663542,ST,61,5.819481705910847e-06,101.19626422549781,"Hudson, Bryan"
663546,KC,91,-0.0183608675857553,79.74645050460825,"Hjelle, Sean"
663546,SI,127,-0.003911742753776406,90.94170672344067,"Hjelle, Sean"
663554,FF,790,0.0014115799368114438,105.60105481141339,"Mize, Casey"
663554,FS,569,-0.0032664699396078626,100.38736379626783,"Mize, Casey"
663554,SI,297,0.00041402136243025837,98.48515438195147,"Mize, Casey"
663554,SL,384,-0.003598997115545899,94.45342159985007,"Mize, Casey"
663554,SV,313,-0.0024811842333362327,98.62763532984461,"Mize, Casey"
663559,CU,225,0.00304964945260306,109.63399963848683,"Falter, Bailey"
663559,FF,948,0.0003166022696423688,103.54229904349245,"Falter, Bailey"
663559,FS,148,-0.006130766240735161,92.99962751500684,"Falter, Bailey"
663559,SI,187,-0.0008132600656453066,96.3449699044241,"Falter, Bailey"
663559,SL,339,-0.004799441193209588,92.15626612272068,"Falter, Bailey"
663562,SI,93,0.0039964727803117155,104.73238239392278,"Davis, Noah"
663562,ST,79,-0.002595149011287066,98.48066857627072,"Davis, Noah"
663568,CH,196,-0.0010512793693420945,101.81092345681822,"Kolek, Stephen"
663568,FC,256,-0.003489701818907065,97.35594812633592,"Kolek, Stephen"
663568,FF,433,-0.008716588379570829,86.55826922316042,"Kolek, Stephen"
663568,SI,407,0.0004759190093888744,98.59309407710683,"Kolek, Stephen"
663568,SL,279,-0.004319173478819799,93.07530069594802,"Kolek, Stephen"
663568,ST,117,-0.0024057613182566664,98.67840276512999,"Kolek, Stephen"
663574,FF,784,-0.0041075522642725504,95.2240895146907,"Santillan, Tony"
663574,SL,162,-0.0021661103191608737,97.19537669269229,"Santillan, Tony"
663574,SV,259,-0.00044805682252118393,102.59116201844827,"Santillan, Tony"
663623,CH,207,-0.0016878408644423462,100.49041322616338,"Irvin, Jake"
663623,CU,847,-0.002739906819806707,102.61808699305072,"Irvin, Jake"
663623,FC,125,-0.002017826389303082,100.21876642699392,"Irvin, Jake"
663623,FF,920,-0.00431900128263331,94.82652717234915,"Irvin, Jake"
663623,SI,640,-0.00017318380054049954,97.46116155832947,"Irvin, Jake"
663623,SL,122,-0.0051936527553286885,91.40190757664661,"Irvin, Jake"
663671,FF,353,0.0066766500988347825,115.50033759094086,"Enright, Nic"
663671,SL,135,0.0012873708053457785,103.80391700534311,"Enright, Nic"
663687,CH,145,0.011261617628444019,127.35332050679219,"Harris, Hogan"
663687,CU,253,-0.0022248108993218143,103.24229164917688,"Harris, Hogan"
663687,FF,633,0.0016562137858361844,106.06101062860415,"Harris, Hogan"
663738,CH,203,0.00446781282119047,113.25996295672958,"Lynch IV, Daniel"
663738,FF,230,-0.002432052271979046,98.37433209653608,"Lynch IV, Daniel"
663738,KC,105,7.413253643746776e-05,103.87761035958076,"Lynch IV, Daniel"
663738,SI,201,0.009314996381317768,114.00704539610363,"Lynch IV, Daniel"
663738,SL,298,0.0014741613721977632,104.16135720743502,"Lynch IV, Daniel"
663765,FC,62,-0.0034567501148088805,97.42003965176856,"Woodford, Jake"
663765,FF,108,-0.008491137357648566,86.9821578609681,"Woodford, Jake"
663765,FS,116,-0.004110444055382247,98.21054354443227,"Woodford, Jake"
663765,SI,196,-0.0029178611596446954,92.67487884810667,"Woodford, Jake"
663765,ST,143,-0.0021595518738503562,98.93546289401262,"Woodford, Jake"
663767,FC,176,-0.0017748516080060158,100.69135577559307,"Shugart, Chase"
663767,FF,128,-0.006988746039041871,89.80692487274888,"Shugart, Chase"
663767,SI,140,-0.0010740996603284918,95.89010695376344,"Shugart, Chase"
663767,ST,199,-0.00041600319168743347,100.75585142553568,"Shugart, Chase"
663773,FS,51,-0.0065175041684186925,92.00213370874006,"Hoeing, Bryan"
663773,SI,61,-0.0052933925381082984,88.53232827595382,"Hoeing, Bryan"
663795,CH,88,-0.0030435841937022897,97.67800162067059,"Hagenman, Justin"
663795,FC,126,-0.004938729112577026,94.53756976969237,"Hagenman, Justin"
663795,FF,96,-0.005782500872404246,92.07488363464984,"Hagenman, Justin"
663795,SL,73,-0.004279756948201556,93.15072769907451,"Hagenman, Justin"
663804,FF,162,-0.00416860197403793,95.10930503471648,"Kowar, Jackson"
663804,SL,100,0.002480738605954684,106.08753140305319,"Kowar, Jackson"
663855,FF,107,-0.0027021899850381906,97.86642440894704,"Hicks, Jordan"
663855,FS,69,-0.0008572458846965278,106.60135497907605,"Hicks, Jordan"
663855,SI,604,0.005741402843907523,107.77526412507912,"Hicks, Jordan"
663855,SL,92,-0.0003872687320440689,100.59934674912644,"Hicks, Jordan"
663855,ST,255,-0.003404630694821404,97.63551226474411,"Hicks, Jordan"
663878,FF,104,0.0052630935805819505,112.84259604744517,"Pearson, Nate"
663878,SL,84,0.0048830633602933845,110.68459141605506,"Pearson, Nate"
663893,FC,89,-0.0125758805197109,79.68320344663914,"Little, Brendon"
663893,KC,557,-0.0023956454741838346,100.64470514745376,"Little, Brendon"
663893,SI,554,-0.004521642259122688,89.87813856023584,"Little, Brendon"
663903,FC,248,-0.0016521554238243925,100.9300015702243,"Singer, Brady"
663903,FF,292,-0.00466245458537368,94.18077293531861,"Singer, Brady"
663903,SI,1117,0.005773051159279313,107.83045377575671,"Singer, Brady"
663903,SL,789,-0.007869320994525433,86.28178072941007,"Singer, Brady"
663903,ST,312,-0.008196718437829986,92.63223265536526,"Singer, Brady"
663941,CU,141,-0.000804203286468124,104.9638154493203,"Beck, Tristan"
663941,FF,270,-0.003086538457083171,97.14377986793102,"Beck, Tristan"
663941,SL,174,-0.0008676932522847756,99.68001211409201,"Beck, Tristan"
663941,ST,232,0.00202594262655425,103.30541611942962,"Beck, Tristan"
663947,CH,164,0.002555631417092117,109.29325255024777,"Holton, Tyler"
663947,FC,336,-0.0031337436510165432,98.0482917423849,"Holton, Tyler"
663947,FF,125,-0.0021121886694600105,98.97573343683607,"Holton, Tyler"
663947,SI,236,0.0033060048732079586,103.52831569560125,"Holton, Tyler"
663947,ST,204,0.0031602616538079662,104.48972566548687,"Holton, Tyler"
663969,CU,253,0.0013231462027416048,107.54178472370758,"Phillips, Tyler"
663969,FF,96,-0.007689640160606359,88.48911734229634,"Phillips, Tyler"
663969,FS,149,-0.004281302598373802,97.76985664464286,"Phillips, Tyler"
663969,SI,343,0.008664815598992228,112.87323306415817,"Phillips, Tyler"
663969,ST,245,-0.001954182628465713,99.14988295744438,"Phillips, Tyler"
663978,CH,588,-0.0027700163540303534,98.24550237879929,"Paddack, Chris"
663978,CU,296,-0.008478550794550116,95.66387099865295,"Paddack, Chris"
663978,FC,336,-0.011092101074089962,82.56917522497551,"Paddack, Chris"
663978,FF,1065,0.002662403598765302,107.95282919541265,"Paddack, Chris"
663978,SI,133,-0.0021373399788701094,94.03598419628624,"Paddack, Chris"
663978,SL,58,-0.007526036865752319,86.9386851461135,"Paddack, Chris"
663992,SI,56,0.005760823598393472,107.80913084573655,"Lovelady, Richard"
663992,ST,85,0.0039415446925833,105.30544059114973,"Lovelady, Richard"
664062,CU,103,-0.007013866212219,97.43880824759603,"Gonsolin, Tony"
664062,FF,245,-0.004399128792862698,94.67587298204005,"Gonsolin, Tony"
664062,FS,163,-0.0062546777924447055,92.68002864324498,"Gonsolin, Tony"
664062,SL,98,-0.00044465392203368984,100.48953513362218,"Gonsolin, Tony"
664076,FF,104,-0.002850574610245251,97.5874345152028,"Cleavinger, Garrett"
664076,SI,310,0.012920719563290703,120.29485567969895,"Cleavinger, Garrett"
664076,SL,328,0.006654959694881144,114.07527112004047,"Cleavinger, Garrett"
664076,ST,89,0.011777850759285634,113.4871001222351,"Cleavinger, Garrett"
664123,SI,74,-0.0014490524587705983,95.23624864492425,"Effross, Scott"
664123,ST,52,-0.01044320846939137,90.28673767064126,"Effross, Scott"
664126,FF,467,0.006876248377990139,115.87561840332545,"Fairbanks, Pete"
664126,SL,376,0.00859092877366725,117.77991847149548,"Fairbanks, Pete"
664129,SL,67,0.0007920335111833341,102.85604546389969,"Hartlieb, Geoff"
664139,FC,50,-0.002496800652515958,99.28715478466972,"Gibaut, Ian"
664139,FF,176,-0.002540011755252697,98.17134877043225,"Gibaut, Ian"
664139,SL,57,-6.479190395973427e-05,101.21643456326514,"Gibaut, Ian"
664139,ST,51,0.00018337499739787104,101.38164478170536,"Gibaut, Ian"
664141,CH,72,-0.0076846543956889946,88.05036826539589,"Brubaker, JT"
664141,SI,231,-0.004633587641577621,89.68292353914929,"Brubaker, JT"
664141,SL,114,-0.001328286157929956,98.7986270203449,"Brubaker, JT"
664192,CU,169,-0.0029044534994951262,102.4186856786025,"Lucchesi, Joey"
664192,FF,158,-0.005848406143913847,91.95096982167904,"Lucchesi, Joey"
664192,SI,304,-0.0004919493877710728,96.90528484891774,"Lucchesi, Joey"
664199,CH,176,0.0006331791401986596,105.30523580854448,"Clarke, Taylor"
664199,FF,189,-0.00048626629444380154,102.03276114445184,"Clarke, Taylor"
664199,SI,156,-0.0003454043499704522,97.16083619026847,"Clarke, Taylor"
664199,SL,344,0.001968100362933794,105.10655297211012,"Clarke, Taylor"
664208,CU,378,-0.014343965784453074,88.55603107756995,"Maton, Phil"
664208,FC,351,-0.0076325352429219935,89.29807916249388,"Maton, Phil"
664208,SI,113,-0.007476916115842265,84.72460890492987,"Maton, Phil"
664208,ST,131,-0.06144475320510509,37.03750633189805,"Maton, Phil"
664285,CH,506,-0.0010672520617383357,101.7777890245871,"Valdez, Framber"
664285,CU,926,0.003078042614866584,109.6684071019945,"Valdez, Framber"
664285,SI,1276,0.002762705859142406,102.58088824338087,"Valdez, Framber"
664285,SL,88,0.002547360428624498,106.21501812874902,"Valdez, Framber"
664294,FF,115,0.0024113117929632807,107.48073125316962,"Moreta, Dauri"
664294,SL,155,-0.004988993648974781,91.79354080292755,"Moreta, Dauri"
664299,CH,115,0.002238119126243122,108.6345915541743,"Javier, Cristian"
664299,FF,246,0.0006008587812338066,104.07675262218594,"Javier, Cristian"
664299,KC,74,-0.011642467472828119,88.5407432097947,"Javier, Cristian"
664299,SI,59,-0.003699552518872039,91.3117328939966,"Javier, Cristian"
664299,ST,123,-0.002545465451402105,98.53254173791231,"Javier, Cristian"
664351,FF,96,0.00456591494745832,111.53177430628094,"Contreras, Luis"
664747,FF,215,0.0013628264936837802,105.50938953343145,"Díaz, Alexis"
664747,SL,146,-0.00022638865817024864,100.90720494072123,"Díaz, Alexis"
664849,SI,67,0.0013646524883967428,100.14290453860305,"Young, Danny"
664854,CU,57,-0.0023957831548167426,103.03510367951122,"Helsley, Ryan"
664854,FF,432,0.014096583087545392,129.451151654198,"Helsley, Ryan"
664854,SL,451,0.0025901155786091506,106.2968338740971,"Helsley, Ryan"
664875,SI,99,0.005856908058496004,107.9766869297274,"Lawrence, Justin"
664875,ST,123,0.0009525355989301797,102.18470302278175,"Lawrence, Justin"
664948,FC,64,0.0004413325896166498,105.00186504218927,"Misiewicz, Anthony"
664991,CU,73,0.00050110796364108,106.54562056096823,"Wolfram, Grant"
664991,FF,79,-0.004729852965248961,94.05405180896405,"Wolfram, Grant"
664991,SI,211,0.007283982225283826,110.4652783075247,"Wolfram, Grant"
664991,SL,128,0.0012209326789438535,103.67678179863574,"Wolfram, Grant"
665152,CU,333,-0.012849800812371366,90.36669331639338,"Kremer, Dean"
665152,FC,520,-0.0013537905881330166,101.51032534947234,"Kremer, Dean"
665152,FF,687,0.00012175421565575595,103.17594951231871,"Kremer, Dean"
665152,FS,558,-0.003446826197298875,99.92217991568539,"Kremer, Dean"
665152,SI,510,-0.0006417216983761904,96.64410565481627,"Kremer, Dean"
665625,SI,53,9.769095571377789e-05,97.93352424175933,"Peguero, Elvis"
665625,SL,64,0.0031676514126957045,107.401999561692,"Peguero, Elvis"
665660,FF,372,-0.0020674508002587093,99.05984871062132,"Alvarado, Elvis"
665660,SI,117,0.006137989258659062,108.46684803520182,"Alvarado, Elvis"
665660,SL,245,-0.0027565037852452534,96.0656067937757,"Alvarado, Elvis"
665795,CH,580,-0.0022461713470161627,99.33218873410695,"Cabrera, Edward"
665795,CU,531,7.404093815867918e-05,106.02809127140773,"Cabrera, Edward"
665795,FF,292,-0.0005343776890858613,101.94230303357718,"Cabrera, Edward"
665795,SI,460,0.005891395240210227,108.03682711378787,"Cabrera, Edward"
665795,SL,389,0.0013993797418100661,104.01825597095917,"Cabrera, Edward"
665871,FC,124,-0.005664841795805842,93.12527044321564,"Assad, Javier"
665871,FF,72,-0.006819306705842286,90.12550142001234,"Assad, Javier"
665871,SI,230,-0.005984965793892194,87.32633402455981,"Assad, Javier"
665871,ST,73,0.0010884136062399292,102.32656930315773,"Assad, Javier"
666120,CH,71,-0.0060916353954972935,91.35499461111819,"Anderson, Ian"
666120,FF,104,-0.0071466099904612815,89.51011213375325,"Anderson, Ian"
666142,CH,194,0.00722491209504116,118.97940691630721,"Ragans, Cole"
666142,FF,493,0.00908376954444536,120.02615687594755,"Ragans, Cole"
666142,KC,133,6.281627804155574e-05,103.86279753405854,"Ragans, Cole"
666142,SL,141,0.00680881618077913,114.36968905740935,"Ragans, Cole"
666157,CH,522,0.005224625074243143,114.82992647248322,"Lodolo, Nick"
666157,CU,697,-0.00011292653011728368,105.80151994827997,"Lodolo, Nick"
666157,FF,679,0.005590368145122244,113.45793133476944,"Lodolo, Nick"
666157,SI,494,0.01136301097115205,117.57845854930834,"Lodolo, Nick"
666168,SI,96,0.004209186603172081,105.10332161896679,"Thompson, Mason"
666168,SL,80,-0.0016825494061777136,98.12071309149134,"Thompson, Mason"
666171,FC,224,-0.00041206125962389706,103.34200206728238,"Zeferjahn, Ryan"
666171,FF,323,0.000617295029476753,104.10765573727926,"Zeferjahn, Ryan"
666171,SL,164,0.0024527712274592466,106.03401336094932,"Zeferjahn, Ryan"
666171,ST,274,0.004224672323083471,105.60104592571398,"Zeferjahn, Ryan"
666200,CH,506,0.0014400181794281875,106.9789770165742,"Luzardo, Jesús"
666200,FF,968,-0.002516410267119208,98.21572383056655,"Luzardo, Jesús"
666200,SI,314,0.006583525383766929,109.24379248927762,"Luzardo, Jesús"
666200,SL,183,0.000966032945715065,103.18900870766018,"Luzardo, Jesús"
666200,ST,946,0.003404310962180795,104.7445304590857,"Luzardo, Jesús"
666214,CH,63,-0.0032064852060838824,97.34007283438727,"Wentz, Joey"
666214,CU,317,-0.011008101963872906,92.59850481148872,"Wentz, Joey"
666214,FC,143,0.0014253353694546641,106.91576421419771,"Wentz, Joey"
666214,FF,774,0.002252517745999929,107.18216976657556,"Wentz, Joey"
666214,SL,462,-0.0005790319773005684,100.23239088891644,"Wentz, Joey"
666215,FC,68,0.005720796803122058,115.27049679192835,"Whitley, Forrest"
666215,FF,86,0.006530360825245437,115.22528733665972,"Whitley, Forrest"
666277,CH,190,7.545731024085973e-05,104.14827393135332,"Soriano, George"
666277,FF,115,-0.0036814483099315903,96.02524190348907,"Soriano, George"
666277,SI,109,0.005720482646361358,107.73878261315295,"Soriano, George"
666277,SL,107,0.002967581549353645,107.01914825613248,"Soriano, George"
666277,ST,82,-0.0016622209673519913,99.45471164675665,"Soriano, George"
666374,CH,94,-0.0014757877339589152,100.93030525607898,"Brash, Matt"
666374,SI,178,0.005312332920919779,107.02703412017131,"Brash, Matt"
666374,SL,488,0.002705371182706645,106.51738562419419,"Brash, Matt"
666619,SL,67,0.00013999208516255368,101.608306763723,"Santos, Gregory"
666659,FF,55,-0.009026591583493759,85.97540721301519,"Lao, Sauryn"
666659,SL,89,-0.006717492542438879,88.4859059249574,"Lao, Sauryn"
666661,CH,82,-0.0008471976299649502,102.23427929409661,"Morillo, Juan"
666661,FF,285,0.004157229130878318,110.7633711621996,"Morillo, Juan"
666661,SI,120,0.0014512560880272456,100.29392750317103,"Morillo, Juan"
666661,SL,130,0.005337083904305473,111.55339971692688,"Morillo, Juan"
666711,FF,103,0.0034017326163062462,109.34290127166689,"Peguero, Joel"
666711,SI,108,0.014761178676120902,123.50432494623826,"Peguero, Joel"
666711,SL,104,-0.0015325511487669875,98.407747968819,"Peguero, Joel"
666808,FC,431,0.007596084714783172,118.91795801352822,"Doval, Camilo"
666808,SI,134,-0.004126998907565,90.56633407582147,"Doval, Camilo"
666808,SL,513,-0.00200803410294791,97.49786945569065,"Doval, Camilo"
666974,CH,116,-0.0014229613078551382,101.0398906404541,"Cano, Yennier"
666974,FF,111,-0.006527441582875326,90.67426056221173,"Cano, Yennier"
666974,FS,71,-0.0007598724964416657,106.85250529231587,"Cano, Yennier"
666974,SI,443,0.0010888038214301062,99.66186814248131,"Cano, Yennier"
666974,ST,174,-0.002821892303870101,98.24393249104372,"Cano, Yennier"
667297,CU,135,-0.006773814543784182,97.72970818135363,"Nance, Tommy"
667297,SI,128,-0.0031534231532077683,92.26409603123506,"Nance, Tommy"
667297,SL,198,-0.0087243620164556,84.6455844223569,"Nance, Tommy"
667463,CH,150,-0.015947185379142564,70.91022268836156,"King, John"
667463,SI,459,0.004309915158521904,105.27897626970284,"King, John"
667463,SL,112,0.0008582567094370981,102.98276938666477,"King, John"
667755,FF,237,-0.0015065099349096717,100.1145188437443,"Soriano, José"
667755,FS,256,0.0002493137910732912,109.45544904079993,"Soriano, José"
667755,KC,728,0.01152445146633229,118.86591926417782,"Soriano, José"
667755,SI,1321,0.006937358910524507,109.8608221324156,"Soriano, José"
667755,SL,159,0.00023820323230949107,101.79624244417788,"Soriano, José"
668390,FC,110,0.000774049176735306,105.64900345851031,"Winn, Cole"
668390,FF,160,0.0028202547405101084,108.2496178499066,"Winn, Cole"
668390,FS,74,-0.0019365065908877532,103.81767178508169,"Winn, Cole"
668390,SI,122,0.003740186711652882,104.28546007162363,"Winn, Cole"
668390,SL,109,0.006616261136948255,114.00121802088606,"Winn, Cole"
668674,CH,156,-0.0021782569112054682,99.47307332732767,"Erceg, Lucas"
668674,FF,284,-0.002387709049328254,98.45770536353298,"Erceg, Lucas"
668674,SI,224,0.0007977405285402028,99.1542998478989,"Erceg, Lucas"
668674,SL,277,-0.0014090746651429452,98.64403109598113,"Erceg, Lucas"
668678,CH,492,-0.002912568902805409,97.94978531059407,"Gallen, Zac"
668678,FF,1367,-0.001020450751650789,101.02839789085975,"Gallen, Zac"
668678,KC,718,-0.0059257532604804555,96.02384294339784,"Gallen, Zac"
668678,SI,79,-0.00522084715979688,88.65883592858073,"Gallen, Zac"
668678,SL,393,0.00011923080452504708,101.56857822457981,"Gallen, Zac"
668716,FC,72,-0.003019035608101856,98.2714004905058,"Murdock, Noah"
668716,SI,179,-0.00399494461859765,90.79661584573468,"Murdock, Noah"
668716,ST,58,-0.01528352839422637,85.23310024129135,"Murdock, Noah"
668820,CU,63,-0.007674235728613678,96.63855782722909,"Kranick, Max"
668820,FF,211,0.003944495397569419,110.36339332373524,"Kranick, Max"
668820,SL,209,-0.003438497100049924,94.7605525162635,"Kranick, Max"
668834,CU,66,-0.007780708414925771,96.50953186545541,"McGee, Easton"
668834,SI,71,0.010177645806065748,115.51136939723231,"McGee, Easton"
668881,FF,927,0.008030075887323254,118.04502250283262,"Greene, Hunter"
668881,FS,191,0.002063343983146006,114.13428644320275,"Greene, Hunter"
668881,SL,611,0.002848694530102682,106.79164747328598,"Greene, Hunter"
668909,CU,649,-0.0054582163149758944,99.32397928185156,"Williams, Gavin"
668909,FC,426,-0.002742567564455214,98.80913470291239,"Williams, Gavin"
668909,FF,1063,0.001968900313793947,106.64891777254485,"Williams, Gavin"
668909,SI,201,0.0023520479913188763,101.86476594723521,"Williams, Gavin"
668909,ST,589,0.0012890972389389627,102.53609725449459,"Williams, Gavin"
668941,CH,215,-0.0028487509428212136,98.082172000187,"Romero, JoJo"
668941,FF,55,-0.014152584987988865,76.33761385498912,"Romero, JoJo"
668941,SI,307,0.005995392254794529,108.2181814398869,"Romero, JoJo"
668941,ST,369,0.006257675854679447,107.72364585729272,"Romero, JoJo"
668964,FC,165,-0.002353520807523499,99.56583608752307,"Myers, Tobias"
668964,FF,373,0.00446840115776543,111.34843077060765,"Myers, Tobias"
668964,FS,129,-0.004448263966124198,97.33922153415756,"Myers, Tobias"
668964,SL,135,-0.003335901713742512,94.95687782451357,"Myers, Tobias"
668970,FF,77,-0.0003160960175166535,102.352711997932,"Hollowell, Gavin"
668970,ST,58,-0.0036937052234485425,97.33369794659413,"Hollowell, Gavin"
668984,CH,82,-0.0004111754530707158,103.13878223656651,"Legumina, Casey"
668984,FF,397,0.0014670795125236397,105.70540403700998,"Legumina, Casey"
668984,SI,192,0.0030039555180204993,103.00158944795241,"Legumina, Casey"
668984,ST,141,-0.003000826721000386,98.05711226389947,"Legumina, Casey"
669020,CU,226,-0.003861293202988284,101.25916611276213,"Rolison, Ryan"
669020,FF,315,-0.005865428401000192,91.91896490412657,"Rolison, Ryan"
669020,SL,112,0.00080010378984038,102.8714886529361,"Rolison, Ryan"
669022,CH,280,-0.0005095807010645461,102.93464620614968,"Gore, MacKenzie"
669022,CU,661,-0.00509377050912558,99.76562278914872,"Gore, MacKenzie"
669022,FC,122,-0.005603415578542674,93.24474529508439,"Gore, MacKenzie"
669022,FF,1347,0.0030732265904407138,108.7252506146485,"Gore, MacKenzie"
669022,SL,315,-0.00043351372801875445,100.51085287609253,"Gore, MacKenzie"
669060,CH,147,0.0011751787156370694,106.42958277248435,"Wilson, Bryse"
669060,CU,132,-0.0015499792627286463,104.0600675874257,"Wilson, Bryse"
669060,FC,196,-0.0033098132179827876,97.70583397159686,"Wilson, Bryse"
669060,FF,143,-0.0050875846212290205,93.38145168916348,"Wilson, Bryse"
669060,SI,195,-0.0002793126004036868,97.27608973626013,"Wilson, Bryse"
669062,CH,119,0.005783404524441997,115.98908232207017,"Miller, Erik"
669062,FF,160,0.0032365788890729164,109.03238243760308,"Miller, Erik"
669062,SI,77,0.01086754598594331,116.71444606916774,"Miller, Erik"
669062,SL,105,0.009710464046137141,119.92224782347903,"Miller, Erik"
669084,CH,104,0.0046972096019299685,113.73583339215088,"Hall, DL"
669084,CU,56,-0.0019258492521398044,103.60458000121523,"Hall, DL"
669084,FC,106,-0.001028445509051243,102.14312607954155,"Hall, DL"
669084,FF,175,-0.0014845974368836324,100.15571829744394,"Hall, DL"
669084,SL,109,0.006571401580805044,113.91537530899853,"Hall, DL"
669093,FF,666,0.017035821864647825,134.97745138348932,"Estrada, Jeremiah"
669093,FS,278,0.0013615135481395162,112.32409028229928,"Estrada, Jeremiah"
669093,SL,249,0.0020671879892579016,105.29616587267036,"Estrada, Jeremiah"
669160,FC,210,-0.0015040582944839981,101.21805255852341,"May, Dustin"
669160,FF,361,-0.002951659761762493,97.39737617430957,"May, Dustin"
669160,SI,727,0.006501386905009916,109.10055598848652,"May, Dustin"
669160,ST,853,-0.012172246641929604,88.48149914070838,"May, Dustin"
669194,CH,67,-0.004528819906973599,94.59696550804834,"Nelson, Ryne"
669194,CU,267,-0.003073935738040051,102.21330334451055,"Nelson, Ryne"
669194,FC,235,-0.0023217151681703707,99.62769850099427,"Nelson, Ryne"
669194,FF,1495,0.008103465631888091,118.18300847684773,"Nelson, Ryne"
669194,SL,352,0.0018931281995678132,104.96308713399829,"Nelson, Ryne"
669199,FF,411,0.008186394494499274,118.33892971556057,"Bachar, Lake"
669199,FS,136,-0.0019045940872435014,103.89998211062507,"Bachar, Lake"
669199,SL,256,0.0034227358361107463,107.89012607360638,"Bachar, Lake"
669199,ST,294,0.0002224723292765331,101.42246517019993,"Bachar, Lake"
669203,CH,73,-0.002354071139276653,99.10835681737585,"Burnes, Corbin"
669203,CU,194,-0.0011744175592200954,104.51518158594472,"Burnes, Corbin"
669203,FC,555,-0.003987939053131577,96.38686973592422,"Burnes, Corbin"
669203,SI,97,-0.0007502400247588965,96.45486687686483,"Burnes, Corbin"
669203,SL,90,0.0006243814307809872,102.53522844133757,"Burnes, Corbin"
669211,CH,205,0.0023810414017799947,108.93107559929422,"Akin, Keegan"
669211,FF,516,0.00020843219389525772,103.33891976550538,"Akin, Keegan"
669211,SL,300,0.007924422988435254,116.50450094595453,"Akin, Keegan"
669276,CH,144,-0.002812508576931173,98.15735470493635,"Lee, Dylan"
669276,FF,341,0.007582841827414491,117.20414169945667,"Lee, Dylan"
669276,SL,596,-0.0025298029189731253,96.49941886908746,"Lee, Dylan"
669302,FF,757,0.0003528192007000971,103.6103934146811,"Gilbert, Logan"
669302,FS,386,0.0015672232171083016,112.85466694933221,"Gilbert, Logan"
669302,SL,717,-0.0010853461378057718,99.2635141468892,"Gilbert, Logan"
669302,ST,148,-0.003552214268819552,97.48142454221826,"Gilbert, Logan"
669308,FF,256,0.004934202938244425,112.22422224199745,"Reynolds, Sean"
669308,SL,158,0.000360867275028657,102.03097089410913,"Reynolds, Sean"
669308,ST,52,0.005682630580010412,107.12325779022972,"Reynolds, Sean"
669330,CH,79,-0.006818011607915823,89.84816891213067,"Wells, Tyler"
669330,FF,125,-0.0002276023771119071,102.51909602389905,"Wells, Tyler"
669330,SL,63,0.0018393593172298833,104.86019564170813,"Wells, Tyler"
669358,CH,309,-0.0006320965141999133,102.6804941942741,"Baz, Shane"
669358,FC,394,-0.0008266578770844301,102.53560584652594,"Baz, Shane"
669358,FF,1189,0.0024607721478304757,107.57372565289059,"Baz, Shane"
669358,KC,728,0.0038862833920335345,108.86766303535568,"Baz, Shane"
669358,SL,82,0.001301833790377004,103.83159320109291,"Baz, Shane"
669371,FF,487,0.0013307309342292532,105.44904408517907,"Henry, Cole"
669371,SI,98,0.004252121074015883,105.17819253768903,"Henry, Cole"
669371,ST,318,-0.004331988077573665,96.66728535977964,"Henry, Cole"
669372,CH,148,-0.006772872899435586,89.9418065682024,"Ginn, J.T."
669372,FC,210,-0.016807191759081824,71.45324389421276,"Ginn, J.T."
669372,SI,811,-0.007826109127720544,84.11567158494223,"Ginn, J.T."
669372,SL,406,-0.007861024615096558,86.29765658218822,"Ginn, J.T."
669373,CH,896,0.0036642779576201434,111.59307607117371,"Skubal, Tarik"
669373,CU,81,-0.000711356810499615,105.07632886730637,"Skubal, Tarik"
669373,FF,833,0.0029499722709047916,108.49351023411472,"Skubal, Tarik"
669373,SI,691,0.007826042721720017,111.4105459811117,"Skubal, Tarik"
669373,SL,372,0.000997185399057187,103.248621671023,"Skubal, Tarik"
669387,CU,134,0.001568456619360635,107.83905732510131,"Mlodzinski, Carmen"
669387,FF,559,-0.00733800987308605,89.15024578748165,"Mlodzinski, Carmen"
669387,FS,233,-0.0009675964389363346,106.31673331025854,"Mlodzinski, Carmen"
669387,SI,228,0.0038815819630264358,104.53203100088496,"Mlodzinski, Carmen"
669387,SL,205,-0.000421117327025014,100.53457448126292,"Mlodzinski, Carmen"
669387,ST,171,-0.00315671012093424,97.89435893421188,"Mlodzinski, Carmen"
669422,FC,163,0.0005958341235096121,105.30237268693439,"Sauer, Matt"
669422,FF,112,-0.003074603515285292,97.16621971396889,"Sauer, Matt"
669422,SI,90,-0.00044381726105105674,96.98921965646883,"Sauer, Matt"
669422,SL,96,0.00043339228856590733,102.16975389547994,"Sauer, Matt"
669432,CH,407,0.002350428949859971,108.86757182745603,"Rogers, Trevor"
669432,FC,191,0.0005375272813147203,105.1889650632104,"Rogers, Trevor"
669432,FF,665,-0.0015241762403325665,100.0813029990036,"Rogers, Trevor"
669432,SI,241,0.010175715197463176,115.50800272153032,"Rogers, Trevor"
669432,ST,122,0.004676376083091886,106.07265670020931,"Rogers, Trevor"
669438,CH,239,-0.0021376337154457156,99.55734381182218,"Englert, Mason"
669438,CU,61,-0.009841805304873918,94.01184895967421,"Englert, Mason"
669438,FC,129,-0.0013169793186501172,101.58192378356975,"Englert, Mason"
669438,FF,139,-0.0016887274023443595,99.77191709637991,"Englert, Mason"
669438,SI,119,-0.0014401266259231023,95.2518138840554,"Englert, Mason"
669456,CH,83,-0.0018086737235348828,100.23975240570984,"Bieber, Shane"
669456,FC,82,-0.0016932401962016805,100.85009111321524,"Bieber, Shane"
669456,FF,230,0.0028604897453474026,108.32526692546743,"Bieber, Shane"
669456,KC,120,-0.0002941300760236724,103.3955596999113,"Bieber, Shane"
669456,SL,130,0.0016707815977637299,104.5376073272676,"Bieber, Shane"
669461,CH,291,0.001451777671777829,107.00337140749251,"Liberatore, Matthew"
669461,CU,376,0.00313930128802585,109.7426417202344,"Liberatore, Matthew"
669461,FC,248,0.001885762670190436,107.81130175505032,"Liberatore, Matthew"
669461,FF,684,-0.0032092392536166394,96.91308021060844,"Liberatore, Matthew"
669461,SI,281,-0.0020447972495185565,94.1973640626603,"Liberatore, Matthew"
669461,SL,506,0.006455081118891483,113.69278585967825,"Liberatore, Matthew"
669467,FF,1158,-0.004579857565788631,94.33607024921126,"Pallante, Andre"
669467,KC,374,-0.005912577040921836,96.04109043232357,"Pallante, Andre"
669467,SI,352,0.007479324460064163,110.80592423364935,"Pallante, Andre"
669467,SL,755,-0.00020017968828828968,100.95735811306345,"Pallante, Andre"
669620,FF,108,-0.0012399298104894653,100.61573762218944,"Basso, Brady"
669622,SI,204,0.014543481125478066,123.12469488908657,"Bender, Anthony"
669622,SL,169,0.00032056460590408316,101.95384818690013,"Bender, Anthony"
669622,ST,354,0.0010621810196821597,102.29918062155079,"Bender, Anthony"
669674,CU,137,-0.010801908031979534,92.84837518947899,"Long, Sam"
669674,FF,261,-0.002559136926546152,98.1353899943828,"Long, Sam"
669674,FS,70,-0.00013804119859871987,108.45636367738933,"Long, Sam"
669674,SI,84,0.002299102252783043,101.7724369628854,"Long, Sam"
669674,SL,188,-0.0007765569988166928,99.85440936233925,"Long, Sam"
669684,CU,177,-0.003400237700213957,101.81788339262992,"Murphy, Chris"
669684,FF,179,-4.097593727893282e-05,102.86998743563535,"Murphy, Chris"
669684,SL,114,-0.00011629330513466827,101.11788209589899,"Murphy, Chris"
669704,CU,50,-0.0012763866555178538,104.39161317439503,"Strowd, Kade"
669704,FC,167,0.004546358286325176,112.98619744752773,"Strowd, Kade"
669704,FF,74,-0.0011649730358594505,100.75666989573367,"Strowd, Kade"
669704,SI,62,0.0040728270138178264,104.86553208689867,"Strowd, Kade"
669704,ST,53,0.0038112708334322306,105.16942543907399,"Strowd, Kade"
669711,CH,99,-0.001748086352407229,100.3654374244211,"Weissert, Greg"
669711,FF,347,-0.009680417069290652,84.74609721843042,"Weissert, Greg"
669711,SI,282,0.0019044253676774204,101.084182970102,"Weissert, Greg"
669711,SL,164,-0.0019002390009607152,97.70414487788236,"Weissert, Greg"
669711,ST,90,0.004929987901252591,106.33744543250083,"Weissert, Greg"
669713,FC,58,-0.0012077187897501,101.79443704072678,"Wesneski, Hayden"
669713,FF,186,-0.005048493378204531,93.45495028595217,"Wesneski, Hayden"
669713,SI,56,-0.003953790664062191,90.8683818259498,"Wesneski, Hayden"
669713,ST,125,-0.0004257485257694498,100.74567660530826,"Wesneski, Hayden"
669721,FF,93,-0.002596106017052236,98.06588142759078,"Daniel, Davis"
669724,FF,112,-0.008678164306080103,86.6305134207344,"Hanifee, Brenan"
669724,SI,569,-0.0013801717387012804,95.35636571385473,"Hanifee, Brenan"
669724,SL,188,-0.006391520543826467,89.10968205575446,"Hanifee, Brenan"
669854,CH,86,-0.003938478331736744,95.82159517176746,"Blanco, Ronel"
669854,CU,148,0.0002977785743250688,106.29922149918016,"Blanco, Ronel"
669854,FF,254,0.001998940302576908,106.70539837669735,"Blanco, Ronel"
669854,SL,213,-0.0021122126234954927,97.29851468063035,"Blanco, Ronel"
669920,CH,410,0.0019163983645151947,107.9672003271745,"Alexander, Jason"
669920,FF,127,-0.0074595998295245505,88.92163471015603,"Alexander, Jason"
669920,SI,500,-0.003968259500223212,90.84315046674291,"Alexander, Jason"
669920,ST,200,-0.005701413190136009,95.23750837953743,"Alexander, Jason"
669923,FF,601,-0.00444803466263947,94.58392111442942,"Kirby, George"
669923,FS,59,0.000717149227211386,110.66211359706693,"Kirby, George"
669923,KC,236,0.001271548455683919,105.44501121494825,"Kirby, George"
669923,SI,559,0.004461463410227098,105.54325242387267,"Kirby, George"
669923,ST,588,0.0015946798902123625,102.85514722396286,"Kirby, George"
669947,FF,59,-0.0021075108934537176,98.98452850053714,"Scholtens, Jesse"
669947,SL,51,-0.000407119389088692,100.5613607684355,"Scholtens, Jesse"
670036,FC,116,-0.0010970346506053766,102.00971923972465,"Festa, Matt"
670036,FF,323,-0.004899827638800845,93.73446872515547,"Festa, Matt"
670036,SI,66,0.0067701789040725225,109.56928667316687,"Festa, Matt"
670036,ST,312,-0.0018822355771164485,99.22500078380219,"Festa, Matt"
670059,FC,109,-0.0019521346408726942,100.34653779665348,"Holderman, Colin"
670059,SI,169,0.004294115073648943,105.251423423538,"Holderman, Colin"
670059,ST,114,-0.0010630865140946728,100.08025052542848,"Holderman, Colin"
670102,CU,144,-0.0028759663061919127,102.45320709100874,"Francis, Bowden"
670102,FF,587,0.002069600957693059,106.83825316967368,"Francis, Bowden"
670102,FS,235,-0.006316834958418807,92.51970977189549,"Francis, Bowden"
670102,SL,64,-0.004052936445077648,93.58476871003971,"Francis, Bowden"
670167,FC,191,-0.001685761464678472,100.86463735064793,"Schreiber, John"
670167,FF,325,-0.006439322976377578,90.83993945670227,"Schreiber, John"
670167,SI,196,0.001669108537201709,100.67382767883457,"Schreiber, John"
670167,ST,290,-0.004370525473602576,96.62704958404049,"Schreiber, John"
670174,FC,55,-0.002323754471845777,99.62373202681776,"Winckowski, Josh"
670174,FF,61,-0.003335880291444005,96.67497218804333,"Winckowski, Josh"
670280,CU,363,-0.012994137319334341,90.1917831373136,"Bednar, David"
670280,FF,439,0.00999824070652914,121.74552781472181,"Bednar, David"
670280,FS,203,-0.003041268863344964,100.96821367588107,"Bednar, David"
670329,CH,129,-0.0010413646459357918,101.83149098060485,"Garcia, Rico"
670329,CU,114,-0.0023424237155459673,103.09976583099893,"Garcia, Rico"
670329,FF,231,0.008620704270607817,119.15551053125847,"Garcia, Rico"
670329,SL,112,-0.0007719401049826047,99.8632441953445,"Garcia, Rico"
670912,CU,105,-0.007718078242691089,96.58542849668105,"Oviedo, Johan"
670912,FF,246,0.00173601505306157,106.21105142314603,"Oviedo, Johan"
670912,SI,61,0.003292773284168807,103.50524189946387,"Oviedo, Johan"
670912,SL,214,-0.0017212560056114538,98.04664460421677,"Oviedo, Johan"
670950,FF,68,0.002361557347980766,107.38718391091899,"Richards, Trevor"
670955,CH,459,-0.003663988153166508,96.39100926892264,"Uceta, Edwin"
670955,FC,189,-0.001636204872107151,100.96102561644676,"Uceta, Edwin"
670955,FF,475,-0.006213278646135127,91.26494362130374,"Uceta, Edwin"
670970,CH,69,0.004212292309840332,112.72990034380501,"Morejon, Adrian"
670970,SI,582,0.00721873650358829,110.35150010017676,"Morejon, Adrian"
670970,SL,242,0.007157537684870777,115.03699837070612,"Morejon, Adrian"
670990,CU,116,-0.00041285872969732237,105.43805545932852,"Ramírez, Yohan"
670990,FF,270,-0.00024022496808424033,102.49536327322333,"Ramírez, Yohan"
670990,ST,147,-0.007278831820870864,93.5905714088769,"Ramírez, Yohan"
671096,CH,526,0.003049018526521494,110.31675574780152,"Abbott, Andrew"
671096,CU,308,0.0036425817351619706,110.35252812380732,"Abbott, Andrew"
671096,FC,115,0.0012901498719736042,106.65282653048594,"Abbott, Andrew"
671096,FF,1260,-0.0030350784493300975,97.24053397621597,"Abbott, Andrew"
671096,ST,465,0.00444646170873223,105.8326097806146,"Abbott, Andrew"
671106,CH,487,-0.007295174348417452,88.85832223530574,"Allen, Logan"
671106,FC,292,-0.007757159070261217,89.05568407495528,"Allen, Logan"
671106,FF,872,-0.0043648667394864124,94.74029183013546,"Allen, Logan"
671106,SI,358,-6.760333707964558e-06,97.75137773227564,"Allen, Logan"
671106,ST,619,0.00654263095425956,108.02115919923804,"Allen, Logan"
671109,CH,53,-0.00031713449247687986,103.33386480364075,"Eder, Jake"
671109,FF,135,-0.007853017279585064,88.18193885260777,"Eder, Jake"
671109,SL,55,0.00019509152890267696,101.71374440245144,"Eder, Jake"
671109,ST,59,0.005698444188564574,107.13976831955905,"Eder, Jake"
671111,SL,74,-2.6955403194045397e-05,101.28883804010054,"Peralta, Sammy"
671131,FC,175,-0.0039661910289266545,96.42916994723609,"Rutledge, Jackson"
671131,FF,250,-0.0005931247054759296,101.83184803301639,"Rutledge, Jackson"
671131,FS,126,0.0012176068805801483,111.95291900765662,"Rutledge, Jackson"
671131,SI,437,0.0067300992135729855,109.49939403932679,"Rutledge, Jackson"
671131,SL,351,-0.0013012545677858797,98.85035434901467,"Rutledge, Jackson"
671212,FF,452,0.004507351322286026,111.42166411433014,"Boyle, Joe"
671212,FS,152,0.001983673434378225,113.92879617899787,"Boyle, Joe"
671212,SL,327,0.003759931643893629,108.5353799518387,"Boyle, Joe"
671305,FF,51,-0.0013964409368140075,100.3214684386932,"Otañez, Michel"
671737,CU,334,-0.004314539729807757,100.7099119230815,"Bradley, Taj"
671737,FC,496,-0.0028691729224104372,98.56288551060602,"Bradley, Taj"
671737,FF,843,0.004762481414060684,111.90135476351867,"Bradley, Taj"
671737,FS,328,-0.003838996175878359,98.9106754920569,"Bradley, Taj"
671737,SI,193,0.00018251615560489843,98.08144595878132,"Bradley, Taj"
671922,FF,821,0.0017248613315040441,106.19008041224889,"Smith, Cade"
671922,FS,249,-0.0021974728468442746,103.14457456516206,"Smith, Cade"
671922,ST,101,-0.0012803774816618015,99.85338333817447,"Smith, Cade"
672282,CU,225,-0.002284356117824144,103.17013343327756,"Detmers, Reid"
672282,FF,471,0.002316457020669272,107.30238715042641,"Detmers, Reid"
672282,SL,323,0.0029258748116533038,106.93933874003407,"Detmers, Reid"
672335,SI,174,0.003260634833826896,103.44919753100847,"Pérez, Cionel"
672335,SL,93,0.006064019336174893,112.94445469392188,"Pérez, Cionel"
672335,SV,87,0.004626137215591266,112.48316553295005,"Pérez, Cionel"
672391,CH,65,-0.00024299883656427623,103.48765496035371,"Ort, Kaleb"
672391,FC,112,-0.027857529179527774,49.960183028178555,"Ort, Kaleb"
672391,FF,428,0.005932159434989708,114.10056068743835,"Ort, Kaleb"
672391,ST,183,0.005754849686534806,107.19865966149307,"Ort, Kaleb"
672456,CH,185,-0.0003428713210416538,103.28047523219166,"Montero, Keider"
672456,FF,450,-0.004533856383665504,94.42256077944465,"Montero, Keider"
672456,KC,213,-0.008773174906898829,92.29660744197177,"Montero, Keider"
672456,SI,291,0.000455098368335096,98.55678617593917,"Montero, Keider"
672456,SL,322,-0.0014306015300180152,98.6028375439671,"Montero, Keider"
672578,FF,381,0.010671088876979722,123.01060389196412,"Hernández, Carlos"
672578,FS,148,-0.006042242293128888,93.22795290830987,"Hernández, Carlos"
672578,SL,145,0.0007259002076697753,102.72949356263787,"Hernández, Carlos"
672582,FF,215,-0.014398288441995201,75.87564698726165,"Zerpa, Angel"
672582,SI,469,0.00629116789895285,108.7339673289074,"Zerpa, Angel"
672582,SL,338,0.005717539966642683,112.2814359025907,"Zerpa, Angel"
672710,FF,83,0.0013219200801216514,105.43247808821108,"Contreras, Roansy"
672782,CH,84,-0.002750907675211541,98.28514223460076,"Gómez, Yoendrys"
672782,CU,156,-0.010543191188331455,93.16189399636716,"Gómez, Yoendrys"
672782,FC,75,0.0013740563358684691,106.8160257765297,"Gómez, Yoendrys"
672782,FF,360,0.0010122916710726157,104.85032076011696,"Gómez, Yoendrys"
672782,SI,212,0.003511817075873124,103.88721958785716,"Gómez, Yoendrys"
672782,ST,181,-0.003299601710549728,97.74516997628474,"Gómez, Yoendrys"
672841,FC,119,-0.003730171639985843,96.88823096040326,"Vargas, Carlos"
672841,SI,642,0.00219852683880718,101.59704936645646,"Vargas, Carlos"
672841,SL,185,-0.0012357363897240862,98.97572915354459,"Vargas, Carlos"
673380,FF,96,-0.0019690971819272818,99.24477127580865,"Núñez, Dedniel"
673380,SL,85,0.0020180796262780753,105.20219269466817,"Núñez, Dedniel"
673513,FF,405,0.005723720856406511,113.70865851556589,"Matsui, Yuki"
673513,FS,328,-0.0071087169689354685,90.47724808339302,"Matsui, Yuki"
673513,SL,167,0.001520093359453269,104.24925211071512,"Matsui, Yuki"
673513,ST,107,0.002398536840922125,103.69443091533755,"Matsui, Yuki"
673540,FC,389,-0.0010495113852709336,102.10215265560352,"Senga, Kodai"
673540,FF,596,0.0004626060532450385,103.81681252503898,"Senga, Kodai"
673540,FO,542,0.0011611813530193794,107.07106781186548,"Senga, Kodai"
673540,SI,114,-0.0018287768987272756,94.57406934884594,"Senga, Kodai"
673540,SL,78,-0.0015538217883612304,98.36704472644801,"Senga, Kodai"
673540,ST,148,-0.004099543114934194,96.90997439308744,"Senga, Kodai"
673929,FF,590,0.011568723418685742,124.69831894372416,"Leasure, Jordan"
673929,SL,469,0.0015171389480255768,104.24359858422513,"Leasure, Jordan"
674285,FF,102,-0.004440807086372361,94.59751026311632,"Salazar, Eduardo"
674285,SI,218,-0.002054932658912223,94.1796895135622,"Salazar, Eduardo"
674285,SL,159,-0.0055090700737326975,90.79832875607931,"Salazar, Eduardo"
674370,CH,141,-0.003693221261444525,96.33036686618215,"Bido, Osvaldo"
674370,FC,78,-0.002736883606513192,98.82019008062257,"Bido, Osvaldo"
674370,FF,486,-0.0006196905819650302,101.78189938740317,"Bido, Osvaldo"
674370,SI,204,0.0015948121447977696,100.54426653489342,"Bido, Osvaldo"
674370,SL,389,-0.002962066632970112,95.67224417878035,"Bido, Osvaldo"
674384,FF,155,-0.000238205094982761,102.49916099944444,"Núñez, Eduarniel"
674384,SL,88,0.0009499479628878114,103.15822867626291,"Núñez, Eduarniel"
674444,FC,164,0.000518335703041308,105.15163717499746,"Cruz, Steven"
674444,FF,322,0.003627066762651028,109.76657016228111,"Cruz, Steven"
674444,SL,156,-0.0005342012591660396,100.31817841673431,"Cruz, Steven"
674841,CU,112,0.001488790426784752,107.74251606673744,"Alvarez, Andrew"
674841,FF,142,-0.0059437400210094575,91.77172491538221,"Alvarez, Andrew"
674841,SL,119,-0.00528845597929693,91.22049325736235,"Alvarez, Andrew"
674944,SI,63,0.00019655807871401073,98.10593284922493,"Guenther, Sean"
674944,SL,53,0.005742937771225664,112.33003683868628,"Guenther, Sean"
675512,CH,53,-0.0027284576768442145,98.33171346573934,"Melton, Troy"
675512,FC,71,-0.0003643556554213229,103.43479013481051,"Melton, Troy"
675512,FF,274,0.00121889005195326,105.23876302796778,"Melton, Troy"
675512,SI,69,0.0009570151182149699,99.43204951206597,"Melton, Troy"
675512,SL,154,0.00174348395138587,104.67672968451086,"Melton, Troy"
675848,FF,721,-0.003982976852504166,95.45831378721158,"Mejia, Juan"
675848,ST,352,0.0031755197168401787,104.50565616587453,"Mejia, Juan"
675911,CH,97,-0.0034524947224837755,96.82974023377443,"Strider, Spencer"
675911,CU,188,-0.00859615874125008,95.52135108147239,"Strider, Spencer"
675911,FF,1081,0.0013833433205607546,105.54796487331176,"Strider, Spencer"
675911,SL,744,-0.00018388107164404359,100.9885469515863,"Strider, Spencer"
676083,CH,127,0.0012626604426817878,106.61105858659987,"Junk, Janson"
676083,CU,190,-0.003743331493770759,101.40211472720439,"Junk, Janson"
676083,FF,611,0.0016671091944071242,106.08149596443504,"Junk, Janson"
676083,SL,446,-0.0011784831072269592,99.08528835244361,"Junk, Janson"
676083,ST,247,-0.004073875434660515,96.93677327245285,"Junk, Janson"
676092,FC,99,-0.004436727670958998,95.51396959614198,"Snider, Collin"
676092,FF,102,-0.006798134582555469,90.16530883549011,"Snider, Collin"
676092,SI,53,-0.006544664945839992,86.3503073287414,"Snider, Collin"
676092,ST,120,-0.0013522850480512717,99.7783067369162,"Snider, Collin"
676092,SV,51,0.00143373369927776,106.25966155066479,"Snider, Collin"
676106,CH,285,-0.0029785817128740425,97.81284553066568,"Hancock, Emerson"
676106,FF,378,-0.004205400067572584,95.04011797311291,"Hancock, Emerson"
676106,SI,516,0.005021122665444044,106.5192095461099,"Hancock, Emerson"
676106,SL,162,-0.006062639980725326,89.73902398088563,"Hancock, Emerson"
676130,CH,165,-0.0009454897884014909,102.03037786146572,"Buttó, José"
676130,FF,329,-0.0013253208539673548,100.4551870387758,"Buttó, José"
676130,SI,185,0.007002978090738022,109.97525159228387,"Buttó, José"
676130,SL,315,0.003763936345612386,108.5430433013097,"Buttó, José"
676130,ST,73,0.0014154369255951155,102.66800485135032,"Buttó, José"
676254,SI,613,-0.015003830233796672,71.59886252727361,"Walker, Ryan"
676254,SL,368,-0.006189465972827589,89.49633127422737,"Walker, Ryan"
676263,CU,93,-0.0027181360441396484,102.64446930166241,"Dreyer, Jack"
676263,FF,504,0.006908749750743756,115.93672685387024,"Dreyer, Jack"
676263,SL,518,0.0033974937702472723,107.84182315726795,"Dreyer, Jack"
676282,CH,482,0.005725681583781991,115.86933939971038,"Cantillo, Joey"
676282,CU,305,-0.007347484555603081,97.03452214276065,"Cantillo, Joey"
676282,FF,671,0.002164431304694769,107.01655134845613,"Cantillo, Joey"
676282,SL,142,0.00028615851842402317,101.88800910803589,"Cantillo, Joey"
676395,CH,250,0.006295614628354087,117.05163273969191,"Garcia, Robert"
676395,FF,403,-0.0028414781907206187,97.60453742672809,"Garcia, Robert"
676395,SL,248,0.005281938007922896,111.44787318697557,"Garcia, Robert"
676428,CH,101,-0.004353339873139901,94.96098875126471,"Hurter, Brant"
676428,FF,52,-0.012317809876269447,79.78732242654019,"Hurter, Brant"
676428,SI,509,0.0002237569238779671,98.15336332840837,"Hurter, Brant"
676428,ST,309,0.003822439772016719,105.18108660340883,"Hurter, Brant"
676440,CH,443,0.003367262109413766,110.97693376718253,"Bibee, Tanner"
676440,CU,152,-0.009711879169213046,94.16929633133199,"Bibee, Tanner"
676440,FC,605,0.0012955281603767204,106.66328737666691,"Bibee, Tanner"
676440,FF,785,-0.0034596278562136953,96.44230441738968,"Bibee, Tanner"
676440,SI,443,0.0015942259049154088,100.54324422536634,"Bibee, Tanner"
676440,ST,457,-0.0016702454776543394,99.44633348865018,"Bibee, Tanner"
676467,CH,114,-0.004479835917791526,94.69857997790098,"Gordon, Colton"
676467,CU,148,0.008009605259143722,115.64458404713076,"Gordon, Colton"
676467,FF,595,-0.0036831405965238127,96.02206009906769,"Gordon, Colton"
676467,SI,157,0.002934746728590126,102.88090027800416,"Gordon, Colton"
676467,ST,396,0.0030462102579050876,104.37064791604988,"Gordon, Colton"
676477,CH,235,0.0021532774110071726,108.45859229280249,"Whitlock, Garrett"
676477,SI,530,0.0009779506607474277,99.46855778321846,"Whitlock, Garrett"
676477,SL,356,-0.006661525315966367,88.59300414237813,"Whitlock, Garrett"
676508,CU,175,-0.003810917627374043,101.32021235211856,"Casparius, Ben"
676508,FC,273,0.0029516651773473057,109.88449704238992,"Casparius, Ben"
676508,FF,361,-0.0003068055190607358,102.37017981289888,"Casparius, Ben"
676508,ST,388,-0.007106421375733449,93.77058014637518,"Casparius, Ben"
676534,CU,152,0.00529165925888121,112.3509168271182,"Faucher, Calvin"
676534,FC,368,0.004025026323213989,111.97219948635907,"Faucher, Calvin"
676534,FF,170,-0.003050582158475128,97.21138420304386,"Faucher, Calvin"
676534,SI,130,0.006180750635730175,108.5414171057929,"Faucher, Calvin"
676534,ST,183,0.0005051371520076813,101.71758730061642,"Faucher, Calvin"
676571,CH,94,-0.006035616735932715,91.47120210031127,"Poulin, PJ"
676571,FF,186,-0.006914041127123299,89.94738359890904,"Poulin, PJ"
676571,ST,101,0.002975855082245244,104.29719212085774,"Poulin, PJ"
676604,FF,68,-0.0019131687879374059,99.3499267572121,"Zuber, Tyler"
676604,ST,84,0.004104125320650166,105.47518630218637,"Zuber, Tyler"
676617,SI,366,0.0031741650976127955,103.29840800304218,"O'Brien, Riley"
676617,SL,230,-0.001265089362554452,98.91955965463838,"O'Brien, Riley"
676617,ST,161,0.0026069641888492733,103.91204385480056,"O'Brien, Riley"
676661,FC,99,0.0018729738804180707,107.78642738004058,"Lazar, Max"
676661,FF,357,0.003834825640322389,110.15719437368492,"Lazar, Max"
676661,KC,169,-0.002891771563538212,99.99528296730307,"Lazar, Max"
676664,CH,348,0.0027545964893651497,109.70599415573577,"Sears, JP"
676664,CU,75,0.0004962299163768573,106.53970923514707,"Sears, JP"
676664,FF,918,-0.006555006982333687,90.62243263290185,"Sears, JP"
676664,SI,152,0.005259758444433254,106.93535255804825,"Sears, JP"
676664,SL,153,-0.0012227474637875038,99.00058460738241,"Sears, JP"
676664,ST,613,0.003977408536066427,105.3428849883386,"Sears, JP"
676684,CH,83,-0.0032900359086337387,97.16675170462257,"Vest, Will"
676684,FF,581,-0.0013169047655703656,100.47101080491291,"Vest, Will"
676684,SI,186,0.0021801893641578874,101.56507171430295,"Vest, Will"
676684,SL,267,0.0039716613943305045,108.94054347835123,"Vest, Will"
676702,FC,73,0.00013857503751614164,104.41299736807574,"Stratton, Hunter"
676702,FF,160,-0.0003144668454069688,102.3557751357277,"Stratton, Hunter"
676702,SL,99,0.0010807314226780125,103.40849434591384,"Stratton, Hunter"
676742,FF,77,0.0024724562304486012,107.59569383836521,"Sanders, Cam"
676755,CH,87,-0.004160122456659306,95.36180717519898,"Mattson, Isaac"
676755,FF,593,0.005188218184559958,112.70181678038105,"Mattson, Isaac"
676755,SL,65,-0.0049342928516965074,91.89821559653866,"Mattson, Isaac"
676760,FF,79,-0.002205615549831271,98.8000740287858,"Marinaccio, Ron"
676775,FS,72,-0.0008925599312432394,106.51027122394618,"Winn, Keaton"
676879,CH,122,-0.002550132074605647,98.7016396770422,"Ashby, Aaron"
676879,CU,273,-0.010662969801896474,93.01674361695581,"Ashby, Aaron"
676879,SI,530,0.00899259946210187,113.44483621871028,"Ashby, Aaron"
676879,SL,84,0.007648082267786819,115.97569863703991,"Ashby, Aaron"
676917,CH,107,0.004496887238113053,113.32027616337515,"Cavalli, Cade"
676917,FC,63,0.0038072532723105275,111.54862785592273,"Cavalli, Cade"
676917,FF,232,0.001925100366579186,106.56656596148358,"Cavalli, Cade"
676917,KC,240,0.007745223866838084,113.91896267468846,"Cavalli, Cade"
676917,SI,146,0.003552838241400784,103.95875400506907,"Cavalli, Cade"
676961,CH,98,-0.011400669328488258,80.34170889187419,"Boushley, Caleb"
676961,CU,54,-0.016820634646272217,85.55474884304002,"Boushley, Caleb"
676961,FC,140,-0.0017001830357392983,100.83658719319114,"Boushley, Caleb"
676961,FF,144,-0.003958416279582859,95.50449209995828,"Boushley, Caleb"
676961,SI,207,-0.0013221535189208717,95.45754030229652,"Boushley, Caleb"
676961,SL,99,-0.00331934179962675,94.9885666787631,"Boushley, Caleb"
676962,CH,74,-0.005267249056880639,93.06513668306981,"Brown, Ben"
676962,FF,903,0.003006670131133026,108.60011245101238,"Brown, Ben"
676962,KC,642,0.0007308395793613535,104.73723078407998,"Brown, Ben"
676974,CH,169,-0.003280993530953154,97.18550959734553,"Meyer, Max"
676974,FF,208,6.656322136240515e-05,103.07218047551954,"Meyer, Max"
676974,SI,123,0.0016059066232022208,100.5636135484832,"Meyer, Max"
676974,SL,326,0.004167312983297772,109.31494002673517,"Meyer, Max"
676974,ST,106,0.0033504909065328013,104.68833850237704,"Meyer, Max"
676979,CH,139,-5.464398507539706e-05,103.8783862727234,"Crochet, Garrett"
676979,FC,859,0.004999914579383139,113.86837078232843,"Crochet, Garrett"
676979,FF,1129,0.006033504939437084,114.29110853886013,"Crochet, Garrett"
676979,SI,514,0.006631726446909856,109.32784751103459,"Crochet, Garrett"
676979,ST,517,0.006497030823124521,107.97354942693664,"Crochet, Garrett"
677161,CH,67,0.003784087818327061,111.84161474028046,"Kelly, Zack"
677161,FC,181,0.00039462972596003603,104.91102731905039,"Kelly, Zack"
677161,FF,110,-0.0028201411082673902,97.64465499523043,"Kelly, Zack"
677161,SI,86,0.0028106796650908383,102.66454696457552,"Kelly, Zack"
677161,ST,108,-0.002976294329629228,98.08272582110023,"Kelly, Zack"
677651,FF,52,-0.0009996143327533412,101.06757412145707,"Garcia, Luis"
677865,SI,112,-0.004172861643967606,90.48635672563888,"Bruihl, Justin"
677865,ST,91,0.003746568902707812,105.10187203270048,"Bruihl, Justin"
677944,CH,155,-0.003510964605882163,96.70844782163977,"Cecconi, Slade"
677944,CU,340,-0.0056630734091895115,99.07572891339933,"Cecconi, Slade"
677944,FC,63,-0.002165669035757818,99.93121041146739,"Cecconi, Slade"
677944,FF,900,-0.0008305405894745693,101.38546329364364,"Cecconi, Slade"
677944,SI,226,-0.0016121578910707663,94.95181859781061,"Cecconi, Slade"
677944,SL,375,-0.002254871159694934,97.0255250063195,"Cecconi, Slade"
677952,CU,232,-0.00032250988831570985,105.54754218834962,"Ashcraft, Braxton"
677952,FF,327,-0.000171183401523364,102.62517388730735,"Ashcraft, Braxton"
677952,SI,163,0.005150572146575446,106.74494894361372,"Ashcraft, Braxton"
677952,SL,344,0.0027876354553649603,106.67480555572227,"Ashcraft, Braxton"
677955,CH,120,0.004951559956983449,114.26346858310116,"Hill, Jaden"
677955,FF,111,-0.0060923776663011275,91.4922592981833,"Hill, Jaden"
677955,SI,138,0.003840129793665572,104.45974498123495,"Hill, Jaden"
677955,SL,119,-0.0008971993249185037,99.6235496452271,"Hill, Jaden"
677958,CH,57,-0.007536209212910188,88.35830926412055,"Rocker, Kumar"
677958,CU,70,-0.006167901538927773,98.463966993737,"Rocker, Kumar"
677958,FC,269,-0.00421391688347846,95.94733969469368,"Rocker, Kumar"
677958,FF,201,-0.004316972718928566,94.83034123847392,"Rocker, Kumar"
677958,SI,274,0.0011644897015778216,99.79385233303012,"Rocker, Kumar"
677958,SL,145,-0.0035250413789542326,94.59494241580288,"Rocker, Kumar"
677960,CH,188,0.0011335806060781173,106.34328988535356,"Weathers, Ryan"
677960,FF,291,0.0004895292208498004,103.86743294247664,"Weathers, Ryan"
677960,ST,120,0.006849484482518165,108.34153605444945,"Weathers, Ryan"
678020,FF,340,0.007619806303976956,117.2736415912014,"Halvorsen, Seth"
678020,FS,161,-0.006346461516428994,92.44329547166595,"Halvorsen, Seth"
678020,SL,121,0.0033402124568694927,107.73221031880986,"Halvorsen, Seth"
678022,CH,66,-0.0043114856181835585,95.04781299729859,"Perkins, Jack"
678022,FC,90,0.00041322452889289705,104.94719447087766,"Perkins, Jack"
678022,FF,267,-0.00445536135180617,94.57014561559144,"Perkins, Jack"
678022,ST,209,-0.00046870641405398624,100.70082552201382,"Perkins, Jack"
678024,CH,193,-0.002679761041384347,98.43273183681298,"Vasil, Mike"
678024,CU,200,-0.0037582589051453398,101.38402535915979,"Vasil, Mike"
678024,FC,80,-0.001761802619375885,100.71673624102108,"Vasil, Mike"
678024,FF,229,-0.0071485943280925005,89.50638122063395,"Vasil, Mike"
678024,SI,650,0.001380117273617823,100.1698726752678,"Vasil, Mike"
678024,ST,261,-0.00018764154309482367,100.99427718926142,"Vasil, Mike"
678215,FF,54,-0.00023586226557704827,102.50356594184362,"Arias, Luarbert"
678215,SL,75,-0.004136063528712839,93.42569771371141,"Arias, Luarbert"
678226,FF,311,0.001400994967230913,105.58115315694995,"Hernández, Daysbel"
678226,SL,393,0.0033148345160355815,107.6836473937477,"Hernández, Daysbel"
678316,FF,50,0.0044410245061590106,111.29695772134738,"Cruz, Omar"
678368,CH,191,0.0021156819846281623,108.3806027418456,"Bellozo, Valente"
678368,CU,56,-0.015160327569382,87.5667457678428,"Bellozo, Valente"
678368,FC,440,-0.0072397411701868725,90.06206912876341,"Bellozo, Valente"
678368,FF,360,-0.006322249844500524,91.06005808811106,"Bellozo, Valente"
678368,ST,192,-0.006641923778521648,94.25554859465242,"Bellozo, Valente"
678394,CH,396,-0.0014547780954423863,100.97388854350208,"Bello, Brayan"
678394,FC,423,0.00016545790249524145,104.46528491652472,"Bello, Brayan"
678394,FF,392,-0.007075531715410845,89.64375212762846,"Bello, Brayan"
678394,SI,934,0.002841500478303146,102.71829358251725,"Bello, Brayan"
678394,ST,496,0.0014246179771288876,102.6775905205607,"Bello, Brayan"
678495,FF,430,0.011396158854359403,124.37386639752373,"Rodríguez, Randy"
678495,SL,342,0.00388812898585967,108.78069685724913,"Rodríguez, Randy"
678606,CH,255,0.010489468028946944,125.75154054746346,"Ferrer, José A."
678606,FF,105,0.0022770855400137536,107.22836165628031,"Ferrer, José A."
678606,SI,725,0.0047346497377506675,106.01964612157201,"Ferrer, José A."
678606,SL,83,0.0027637658149615163,106.62912889638417,"Ferrer, José A."
678692,CH,185,0.005029884519673352,114.4259483861362,"Henriquez, Ronny"
678692,FF,335,0.006962335783623869,116.03747827335549,"Henriquez, Ronny"
678692,SL,260,0.003909605739597912,108.82179451718908,"Henriquez, Ronny"
678692,ST,320,0.004339676915265045,105.7211188796966,"Henriquez, Ronny"
678821,CU,115,0.0037296386154712703,110.45802558141818,"Peralta, Luis"
678821,FF,288,-0.004224508711356773,95.00419027176576,"Peralta, Luis"
678906,CH,59,-0.0017475079649726867,100.3666372559071,"Teng, Kai-Wei"
678906,CU,79,-0.0016576944670972967,103.92953591472444,"Teng, Kai-Wei"
678906,FF,143,-0.0026242251692247327,98.01301234317025,"Teng, Kai-Wei"
678906,SI,71,0.0008119280632662351,99.17904066194565,"Teng, Kai-Wei"
678906,ST,221,-0.004307322496641072,96.69303797633253,"Teng, Kai-Wei"
679358,FF,169,0.00098387910847548,104.79690001110798,"Orze, Eric"
679358,FS,312,-0.0019841007473535054,103.69491455624343,"Orze, Eric"
679358,SL,172,-0.0003490652080620558,100.67245255721349,"Orze, Eric"
679775,SI,273,-0.000591702988776721,96.73133036417946,"Backhus, Kyle"
679775,ST,116,0.004206168102177015,105.58172620618593,"Backhus, Kyle"
679883,CU,71,-0.0006239690935127699,105.18222724013773,"Avila, Luinder"
679883,FF,63,-0.0005210544116539134,101.96735320134137,"Avila, Luinder"
679883,SI,52,0.0074733872769194515,110.79557072636416,"Avila, Luinder"
679885,FF,64,0.0013079348307201144,105.40618329359151,"Martinez, Justin"
679885,FS,78,0.004530237845103376,120.49702247677226,"Martinez, Justin"
679885,SI,77,0.009512253665794656,114.35103086566184,"Martinez, Justin"
680573,CH,80,0.00028227468897057406,104.57730469521815,"Woods Richardson, Simeon"
680573,CU,244,-0.010247326442651207,93.52042945450734,"Woods Richardson, Simeon"
680573,FF,854,0.0014412260295978312,105.65679481995447,"Woods Richardson, Simeon"
680573,FS,187,-0.005074964350657189,95.72280455715962,"Woods Richardson, Simeon"
680573,SL,507,0.00011739230614453572,101.56506009599468,"Woods Richardson, Simeon"
680684,CH,126,-0.00044231980209876804,103.07417507475232,"Hoglund, Gunnar"
680684,FF,196,0.0041312108606708,110.7144521152938,"Hoglund, Gunnar"
680684,SI,91,0.007831280677487234,111.4196801465692,"Hoglund, Gunnar"
680684,ST,95,-0.007381227192251428,93.4836633760533,"Hoglund, Gunnar"
680689,CH,273,-0.003129620241645584,97.49952478475022,"Richardson, Lyon"
680689,CU,65,-0.011732489211135544,91.72067628558216,"Richardson, Lyon"
680689,FF,138,-0.0036323838152305184,96.11749201460513,"Richardson, Lyon"
680689,SI,196,0.002391542334055198,101.93363782726273,"Richardson, Lyon"
680694,CU,63,0.0031664076202090772,109.77548977452173,"Bradish, Kyle"
680694,FF,112,0.000607257648961682,104.08878364915381,"Bradish, Kyle"
680694,SI,161,-0.0007968163978707623,96.37364505726161,"Bradish, Kyle"
680694,SL,158,0.0027990869689980356,106.69671903570281,"Bradish, Kyle"
680704,SL,114,-0.0053326621928135864,91.13590077413683,"Sandlin, Nick"
680729,SI,72,-0.00025490052025310835,97.31866053852865,"McDaniels, Garrett"
680729,SL,85,-0.0026562869784624234,96.25738048060136,"McDaniels, Garrett"
680730,CU,583,-0.004082019167949363,100.99168549492508,"Parker, Mitchell"
680730,FF,1448,-8.328509532912597e-05,102.79043857744091,"Parker, Mitchell"
680730,FS,269,-0.00619115128987261,92.84387937603711,"Parker, Mitchell"
680730,SL,311,-8.168130888761032e-05,101.18411519932523,"Parker, Mitchell"
680732,CH,153,-0.004044439324941635,95.60178518223083,"Burke, Sean"
680732,FF,997,0.006371714864867851,114.92700427959142,"Burke, Sean"
680732,KC,548,-0.006815837378389317,94.85873515976544,"Burke, Sean"
680732,SI,112,0.0006774643800002066,98.94455728988945,"Burke, Sean"
680732,SL,492,0.001555473041167989,104.31695424790108,"Burke, Sean"
680735,CU,75,-0.056749477808674176,37.16809147592365,"Cox, Austin"
680735,FF,152,0.0008649121055225949,104.57322056004234,"Cox, Austin"
680735,SL,139,-0.0005428098939191579,100.30170503588994,"Cox, Austin"
680736,CU,94,-0.04009841089839725,57.34622351214444,"Wrobleski, Justin"
680736,FC,154,0.0015746690192095052,107.2062202520006,"Wrobleski, Justin"
680736,FF,312,-0.00027978201016291376,102.42098889008919,"Wrobleski, Justin"
680736,SI,225,0.0020852174652261765,101.39945576082629,"Wrobleski, Justin"
680736,SL,271,0.005109789046588632,111.11845098666718,"Wrobleski, Justin"
680742,CH,61,-0.0033948319982241106,96.94935824067308,"Bowlan, Jonathan"
680742,CU,70,-0.006621999772531645,97.9136806868927,"Bowlan, Jonathan"
680742,FF,244,0.00371799930319151,109.93753976097021,"Bowlan, Jonathan"
680742,SI,125,0.008530162192881108,112.63841884550166,"Bowlan, Jonathan"
680742,SL,227,0.0019013989744421712,104.97891399020614,"Bowlan, Jonathan"
680755,CU,305,-0.007969135686730848,96.2811915200472,"Fisher, Braydon"
680755,FF,184,-0.0027200028080583056,97.83293308466239,"Fisher, Braydon"
680755,SL,319,-0.0036298973612597894,94.3942912579982,"Fisher, Braydon"
680767,CH,236,0.0007195325041397217,105.48437089826221,"Vodnik, Victor"
680767,FF,496,0.0021795295685401762,107.04493881124128,"Vodnik, Victor"
680767,SL,113,0.005268416332186043,111.4219982694706,"Vodnik, Victor"
680880,FF,179,-0.0038987384616740715,95.61669717547758,"Holman, Grant"
680880,FS,146,-0.0009254535218556842,106.42543042982412,"Holman, Grant"
680880,SL,50,-0.0007522010448155925,99.90101662558072,"Holman, Grant"
680885,CU,167,-0.0040243079744329575,101.06162119868608,"Schwellenbach, Spencer"
680885,FC,163,-0.0006604588532025479,102.8588652729358,"Schwellenbach, Spencer"
680885,FF,538,0.0004063060808467867,103.71095840912048,"Schwellenbach, Spencer"
680885,FS,198,0.0077237046424845105,128.73377176584884,"Schwellenbach, Spencer"
680885,SI,145,0.002384398860666461,101.92118074080116,"Schwellenbach, Spencer"
680885,SL,272,0.0032992630926187037,107.65385010351625,"Schwellenbach, Spencer"
680951,FF,50,0.002448621281655505,107.55087983002771,"Nikhazy, Doug"
681006,CH,67,0.004217398582561634,112.74049301304576,"Simpson, Josh"
681006,CU,145,-0.01009011180762298,93.71094563468483,"Simpson, Josh"
681006,FF,72,-0.004187631294068221,95.0735264763526,"Simpson, Josh"
681006,SI,136,0.0002374245473621319,98.17719749957428,"Simpson, Josh"
681006,ST,158,0.005690430660228852,107.13140162740493,"Simpson, Josh"
681151,FF,83,-0.0024956771605108103,98.25470581540219,"Murray, Jayden"
681168,FF,101,0.0003856920010377399,103.67220021616392,"Curvelo, Luis"
681168,SI,75,0.0034881806284344443,103.84600136622117,"Curvelo, Luis"
681168,SL,131,-0.0028521971743089994,95.8824890651759,"Curvelo, Luis"
681190,CH,138,-0.00020589492139507732,103.56462489955896,"Vásquez, Randy"
681190,CU,256,-0.003342105670185447,101.88832907540625,"Vásquez, Randy"
681190,FC,511,-0.0005865492773116859,103.00262043196523,"Vásquez, Randy"
681190,FF,441,-0.0036487479424201765,96.0867245001171,"Vásquez, Randy"
681190,SI,401,-0.000814828704412441,96.34223444679925,"Vásquez, Randy"
681190,ST,262,-0.004595356371588311,96.39231017446029,"Vásquez, Randy"
681217,FF,75,-0.005290610566541242,92.99972624536537,"Silseth, Chase"
681217,ST,69,-0.0019338049728042054,99.17115867577965,"Silseth, Chase"
681293,CU,121,0.002942921891257702,109.50466481349724,"Arrighetti, Spencer"
681293,FC,68,-0.004675252372073694,95.05003571574977,"Arrighetti, Spencer"
681293,FF,170,-0.0027661702002446604,97.74613004949249,"Arrighetti, Spencer"
681293,SI,51,-0.0005818525395643162,96.74850798784327,"Arrighetti, Spencer"
681293,ST,72,-0.0026715598641102486,98.40089022446085,"Arrighetti, Spencer"
681343,CH,398,-0.0002894257373607995,103.39134502336992,"Smith, Shane"
681343,CU,346,-0.004128338892317416,100.93555422602704,"Smith, Shane"
681343,FF,1073,-0.0027989658463984605,97.6844683118094,"Smith, Shane"
681343,SI,300,0.001184817017953416,99.82929995407417,"Smith, Shane"
681343,SL,256,-0.0010122436744453012,99.40340214935823,"Smith, Shane"
681347,CH,365,-0.0023284559466583855,99.1614940620458,"Burrows, Mike"
681347,CU,183,-0.0054843274159535075,99.29233727080347,"Burrows, Mike"
681347,FF,602,0.000884229979434723,104.6095416518171,"Burrows, Mike"
681347,SI,87,0.0002681296588899835,98.23074235209901,"Burrows, Mike"
681347,SL,300,0.0012738163241859486,103.77797931177179,"Burrows, Mike"
681517,CH,126,-0.005141977925790892,93.3250044436601,"Leahy, Kyle"
681517,CU,240,0.0005655323689400878,106.62369148359939,"Leahy, Kyle"
681517,FF,399,0.0017282675761176726,106.19648476729239,"Leahy, Kyle"
681517,SI,101,-0.0015467549449450677,95.06587097966916,"Leahy, Kyle"
681517,SL,278,-0.00089984905385012,99.61847915552964,"Leahy, Kyle"
681517,ST,184,0.004094820547083066,105.46547145839494,"Leahy, Kyle"
681676,FF,184,0.0014921471337125379,105.75253569207298,"Fernandez, Ryan"
681676,SL,234,0.0019731374324428,105.11619184827819,"Fernandez, Ryan"
681751,FF,58,-0.00035169729700759613,102.28577516287596,"Estrada, Lazaro"
681799,FC,52,-0.03431760766901649,37.39523999602853,"Roberts, Ethan"
681799,ST,83,-0.001992719945552512,99.1096472641264,"Roberts, Ethan"
681810,SI,52,0.0020158959114968847,101.2785699477963,"Warren, Austin"
681857,CH,265,-0.006022694336474469,91.49800887517995,"Olson, Reese"
681857,CU,53,-0.013375917769461114,89.72913312377297,"Olson, Reese"
681857,FF,181,-0.005654676144562603,92.31521720821694,"Olson, Reese"
681857,SI,271,-0.0019879461193354256,94.29650343164644,"Olson, Reese"
681857,SL,207,-0.000974448595232406,99.47572636240398,"Olson, Reese"
681867,CH,80,-0.00908203110921022,85.15159059742999,"Criswell, Cooper"
681867,FC,80,-0.02490872829221189,55.69564200480936,"Criswell, Cooper"
681867,SI,76,-0.006432695415481392,86.54556445994825,"Criswell, Cooper"
681869,CH,80,0.0013224771902059728,106.73514499094284,"Dubin, Shawn"
681869,CU,80,-0.0007021051060405626,105.08754028788026,"Dubin, Shawn"
681869,FF,193,-0.0036090713586894086,96.16132364314647,"Dubin, Shawn"
681869,SI,82,-0.0005569534686645322,96.79192802486618,"Dubin, Shawn"
681869,ST,96,-0.002261258975825816,98.82927346328167,"Dubin, Shawn"
681870,CU,76,-0.005244750778358234,99.58266155165828,"Sabrowski, Erik"
681870,FF,344,0.008509251170962247,118.94595857542615,"Sabrowski, Erik"
681870,SL,88,0.0002452488354472073,101.80972482635512,"Sabrowski, Erik"
681882,KC,56,0.002565875722731497,107.13926768246922,"Selby, Colin"
681882,SI,90,0.0016277050052950573,100.60162647520325,"Selby, Colin"
681892,CH,87,0.004633921437566276,113.6045457331189,"Funderburk, Kody"
681892,FC,179,-0.006060830256709824,92.35506734727134,"Funderburk, Kody"
681892,SI,237,0.0021728086569059286,101.55220092954856,"Funderburk, Kody"
681892,SL,78,-0.004369386737473691,92.97921320275483,"Funderburk, Kody"
681892,ST,144,-0.0009406307268085988,100.20810305577348,"Funderburk, Kody"
681895,FF,66,-0.009614416906102137,84.87018944489508,"Sisk, Evan"
681895,SI,103,0.005921213856885674,108.08882605966143,"Sisk, Evan"
681895,ST,88,-0.0015589039830543202,99.56258190885549,"Sisk, Evan"
681911,CH,63,-0.001951852025249825,99.94273724900044,"Vesia, Alex"
681911,FF,555,0.013825826235953574,128.94207987435072,"Vesia, Alex"
681911,SL,351,0.005370552825523066,111.61744544560275,"Vesia, Alex"
681916,FF,82,0.0024346842889449694,107.52467576670242,"Smith, Dylan"
681916,ST,56,0.002258784560971045,103.54851961943868,"Smith, Dylan"
681982,FF,377,-0.00328098920052394,96.77817735233798,"Anderson, Grant"
681982,SI,271,0.0025933991622931938,102.2856441728287,"Anderson, Grant"
681982,ST,424,-0.005615165297470258,95.3275572988954,"Anderson, Grant"
682052,CH,224,0.0010678861963404934,106.20701060860952,"Lopez, Jacob"
682052,FC,243,-0.007326773125814238,89.89279075757739,"Lopez, Jacob"
682052,FF,587,-0.005133395994423635,93.29531803399531,"Lopez, Jacob"
682052,SI,103,0.006840848124747671,109.69252260395503,"Lopez, Jacob"
682052,SL,509,-0.001185147295415965,99.07253584136555,"Lopez, Jacob"
682120,CU,292,0.003148576434609386,109.75388154849443,"Herrin, Tim"
682120,FF,185,-0.002092552452076406,99.01265307183023,"Herrin, Tim"
682120,SI,126,0.006525140270703502,109.14197809704572,"Herrin, Tim"
682120,SL,130,-0.0018588430904716146,97.78335959873455,"Herrin, Tim"
682171,FF,69,-0.009184259644615046,85.67896278315794,"Murfee, Penn"
682171,ST,97,-0.007047985067720688,93.83159179808256,"Murfee, Penn"
682243,FF,617,0.007266754339713448,116.60984013698317,"Miller, Bryce"
682243,FS,277,-0.0009391387369372758,106.39013283860238,"Miller, Bryce"
682243,KC,148,-0.0043749011895399875,98.05388682662122,"Miller, Bryce"
682243,SI,228,0.005753908296834484,107.79707165481636,"Miller, Bryce"
682243,SL,106,5.7810091057722015e-05,101.45104427945405,"Miller, Bryce"
682243,ST,64,-0.0020556296516360817,99.04396506743892,"Miller, Bryce"
682254,FF,561,0.01729258075364784,135.46020446562332,"Montgomery, Mason"
682254,SL,286,0.004626478760865911,110.19359418520612,"Montgomery, Mason"
682274,FF,119,0.006595263932085647,115.3473168990605,"Hiraldo, Yaramil"
682274,FS,111,-0.004289881403802848,97.74772976060048,"Hiraldo, Yaramil"
682274,SL,82,-0.00015680261437254803,101.04036396463242,"Hiraldo, Yaramil"
682610,FC,64,-0.0016903766221503247,100.85566080480369,"Muñoz, Roddery"
682610,SI,50,0.00942012653220445,114.19037573248833,"Muñoz, Roddery"
682610,SL,70,-0.0009706829714040006,99.4829322152739,"Muñoz, Roddery"
682790,CH,57,-0.005605564600396943,92.36332053515393,"González, Wikelman"
682790,FF,206,0.00028609967752415895,103.48494866152325,"González, Wikelman"
682790,SV,86,-0.001574966170115066,100.39428284055418,"González, Wikelman"
682825,SI,302,0.013121982423242856,120.64582623862592,"Mey, Luis"
682825,SL,104,-0.04170740047832693,21.529635195871137,"Mey, Luis"
682842,SI,603,0.008585355430783528,112.73466711286807,"Uribe, Abner"
682842,SL,536,-0.02155330124449718,60.09627924288484,"Uribe, Abner"
682847,CH,184,-0.0051516617751748645,93.30491585476165,"Ortiz, Luis"
682847,FC,166,-0.0043398226542589085,95.70245120922878,"Ortiz, Luis"
682847,FF,410,-0.0015465279103054632,100.03927782272915,"Ortiz, Luis"
682847,SI,283,0.0035042499694228667,103.87402375241619,"Ortiz, Luis"
682847,SL,367,-0.0016211436937162804,98.23821833087104,"Ortiz, Luis"
682989,FC,80,-0.007099341379944235,90.33514868483924,"Mederos, Victor"
682989,SI,153,0.002721395016433116,102.50884867503294,"Mederos, Victor"
682989,ST,63,-0.01572044397009507,84.7769293802813,"Mederos, Victor"
682990,CU,230,-0.007579123701535813,96.7538166902768,"Priester, Quinn"
682990,FC,508,-0.0027007680666758646,98.89043531082676,"Priester, Quinn"
682990,SI,1029,-0.008556301469477182,82.84233176272446,"Priester, Quinn"
682990,SL,664,-0.002251396363047765,97.03217433576222,"Priester, Quinn"
683004,CH,411,-0.002286333187574227,99.24887530445865,"Leiter, Jack"
683004,CU,233,-0.0025627366898404265,102.83278568440771,"Leiter, Jack"
683004,FF,965,0.010353742589585367,122.4139355587272,"Leiter, Jack"
683004,SI,280,0.004708080116785952,105.97331290975796,"Leiter, Jack"
683004,SL,581,0.004862644045561378,110.64551725879222,"Leiter, Jack"
683155,FF,53,-0.005175671055594477,93.21583328409197,"Estes, Joey"
683175,FF,198,0.0013387498743351457,105.46412114080368,"Phillips, Connor"
683175,ST,183,0.0038388570461850334,105.19822740247031,"Phillips, Connor"
683232,FF,452,0.003988271234918738,110.44569980389522,"Mears, Nick"
683232,SL,358,0.0025704508932754104,106.25920376665523,"Mears, Nick"
683409,CH,359,-0.006237677886399822,91.05203785857893,"Chivilli, Angel"
683409,FF,453,-0.00236646259070257,98.49765254287281,"Chivilli, Angel"
683409,SL,177,-0.00962096214258917,82.92986110890519,"Chivilli, Angel"
683618,FC,53,0.013216729929894736,129.8501915841753,"Henriquez, Edgardo"
683618,FF,75,0.008734038085676729,119.36859857174504,"Henriquez, Edgardo"
683618,SI,85,0.00864500028136022,112.83867828785083,"Henriquez, Edgardo"
683627,CH,110,-0.0021402402327194894,99.55193674156598,"Molina, Anthony"
683627,CU,91,-0.0016356175607882676,103.956289199235,"Molina, Anthony"
683627,FF,270,-0.005848745257470808,91.95033222694784,"Molina, Anthony"
683627,SL,87,-0.004154087621691883,93.39120702424282,"Molina, Anthony"
683769,CH,138,0.006365983893941291,117.19760973617507,"Gaddis, Hunter"
683769,FF,341,0.0007791729240738721,104.4120154143696,"Gaddis, Hunter"
683769,SL,544,-0.0023765609119483517,96.79266094700945,"Gaddis, Hunter"
684007,FF,980,0.0070041433733329505,116.1160840924851,"Imanaga, Shota"
684007,FS,626,-0.003225874877869547,100.49206860991653,"Imanaga, Shota"
684007,ST,343,0.0031622864240362157,104.49183966926559,"Imanaga, Shota"
684320,FF,444,-0.002472711543554077,98.29788532288546,"Rodríguez, Yariel"
684320,FS,135,-0.004408509737974479,97.4417576277592,"Rodríguez, Yariel"
684320,SI,67,0.012323315102440207,119.2530768955755,"Rodríguez, Yariel"
684320,SL,460,0.001105332351399422,103.45557038985987,"Rodríguez, Yariel"
684974,CH,81,-0.0012847505533926903,101.32660090593355,"Yoho, Craig"
684974,FF,67,-0.0013810764412754458,100.35035646514308,"Yoho, Craig"
685107,FF,134,-0.0044859677483458,94.51260006256281,"Veneziano, Anthony"
685107,SI,56,0.0036345432534809724,104.10123460861278,"Veneziano, Anthony"
685107,SL,108,0.002779422706032198,106.65908973649914,"Veneziano, Anthony"
685107,ST,123,0.0028339004190449366,104.14898138058435,"Veneziano, Anthony"
685126,CH,352,-0.016597215980668392,69.56177157066021,"Eisert, Brandon"
685126,FF,383,-0.007564807091528816,88.7238260570915,"Eisert, Brandon"
685126,SL,421,-0.005069269416163866,91.6399260517614,"Eisert, Brandon"
685299,CH,263,-0.0036968649869293297,96.32280816711314,"Gordon, Tanner"
685299,FF,657,-0.006983894623038671,89.81604641100363,"Gordon, Tanner"
685299,SL,319,-0.005097526602002629,91.58585343778,"Gordon, Tanner"
685314,CU,191,-0.007874027194445514,96.39644609955495,"Saalfrank, Andrew"
685314,SI,195,-0.005222041121772073,88.65675384795308,"Saalfrank, Andrew"
685326,FF,286,-0.0027711803705718846,97.73671002443746,"Brown, McCade"
685326,KC,90,-0.006969592406838072,94.65747195686825,"Brown, McCade"
685326,SL,97,-0.002803447677036171,95.97577552203903,"Brown, McCade"
685801,FF,87,0.008058712601791479,118.09886469784121,"Bigge, Hunter"
685801,SL,89,0.002681819642266112,106.47231767715321,"Bigge, Hunter"
686218,CH,191,0.00359395161478022,111.44718811546248,"Sheehan, Emmet"
686218,CU,70,-0.006765796938270796,97.73942409346516,"Sheehan, Emmet"
686218,FF,536,0.007948309015732978,117.8912860170954,"Sheehan, Emmet"
686218,SL,348,-0.001146317340658504,99.14684037991714,"Sheehan, Emmet"
686228,FC,73,-0.027434008706310024,50.78393627321869,"Burgos, Juan"
686228,SI,72,-0.004327759560207293,90.21623928692124,"Burgos, Juan"
686228,ST,70,-0.0033362178393872453,97.70694013981014,"Burgos, Juan"
686563,CH,368,-0.0006956952714275482,102.54856222819942,"Cannon, Jonathan"
686563,FC,395,-0.003827966199566583,96.69801917396978,"Cannon, Jonathan"
686563,FF,310,-0.005779532684086476,92.08046436474389,"Cannon, Jonathan"
686563,SI,374,-0.00048186134058037194,96.92287680583341,"Cannon, Jonathan"
686563,ST,256,0.0006249474716639725,101.84267777505609,"Cannon, Jonathan"
686580,CU,88,0.012130138104442845,120.63793710132538,"Slaten, Justin"
686580,FC,156,-0.0002329975109905018,103.69028356329869,"Slaten, Justin"
686580,FF,172,0.007647297851542325,117.32533066561477,"Slaten, Justin"
686580,ST,55,0.0063774706938685005,107.84872016902624,"Slaten, Justin"
686613,CH,334,-0.0035009581118931542,96.72920571822506,"Brown, Hunter"
686613,FF,1087,0.002140270481106288,106.97112463665013,"Brown, Hunter"
686613,KC,511,-0.0009362995563102399,102.55496874357468,"Brown, Hunter"
686613,SI,656,0.0023502878303400107,101.86169650519955,"Brown, Hunter"
686613,SL,243,-0.004363601951962413,92.9902828993517,"Brown, Hunter"
686642,FF,161,0.0019951361424341346,106.69824586859527,"Ellard, Fraser"
686642,SL,81,0.0036897570432672553,108.40109467259606,"Ellard, Fraser"
686701,CH,99,-0.004915600622571402,93.79461114653225,"Bergert, Ryan"
686701,FF,558,0.003510206990208106,109.54685268514132,"Bergert, Ryan"
686701,SI,86,0.005101689131765323,106.65970470613235,"Bergert, Ryan"
686701,SL,325,0.0041571966369296064,109.2955815069169,"Bergert, Ryan"
686701,ST,234,-0.005373026389021946,95.58036749942734,"Bergert, Ryan"
686730,CH,55,-0.0016530599064109,100.56256432431498,"Spiers, Carson"
686730,SI,53,-0.0027159719468744575,93.02694166716897,"Spiers, Carson"
686730,ST,56,-0.003116837860164066,97.93598840345153,"Spiers, Carson"
686751,FF,110,0.001342039429850543,105.47030609926838,"Johnson, Seth"
686751,SL,73,0.004016634990215582,109.02660441532939,"Johnson, Seth"
686752,CH,634,0.0038145462691585065,111.9047990457127,"Pepiot, Ryan"
686752,CU,82,-0.010072205731043274,93.73264461526205,"Pepiot, Ryan"
686752,FC,141,0.003522880775820966,110.9955193721612,"Pepiot, Ryan"
686752,FF,1151,0.007992384263966703,117.97415544379186,"Pepiot, Ryan"
686752,SI,58,0.00286296690752226,102.75572763598836,"Pepiot, Ryan"
686752,SL,453,0.002591809125363821,106.30007462497892,"Pepiot, Ryan"
686790,SI,82,-0.003243235477872609,92.10747755829055,"McDonald, Trevor"
686790,SL,107,-0.0004534562899989906,100.47269102721236,"McDonald, Trevor"
686799,CH,261,-0.0031525249144777616,97.45201035756997,"Kochanowicz, Jack"
686799,FF,322,-0.0036370485165958676,96.10872153359033,"Kochanowicz, Jack"
686799,SI,846,0.0019023227848263228,101.08051639854173,"Kochanowicz, Jack"
686799,SL,263,0.0025440728798392007,106.20872711458269,"Kochanowicz, Jack"
686799,ST,102,-0.0002459314401836737,100.93341840094668,"Kochanowicz, Jack"
686826,CH,80,-0.0034512703518885246,96.83228012019481,"Jarvis, Bryce"
686826,FF,145,-0.007515567311283717,88.81640573668702,"Jarvis, Bryce"
686826,SL,71,-0.004167924302262844,93.36472931724232,"Jarvis, Bryce"
686930,CU,65,-0.003881419559351903,101.23477654791914,"Barnett, Mason"
686930,FF,230,-0.003869636121390099,95.67141483111207,"Barnett, Mason"
686930,ST,92,0.0018184093161993508,103.08873661862532,"Barnett, Mason"
686973,FF,468,0.001805804261408396,106.34226773881221,"Varland, Louis"
686973,KC,393,0.010665021690553493,117.74093758986392,"Varland, Louis"
686973,SI,53,0.0035478244887067463,103.95001081426989,"Varland, Louis"
686973,SL,71,-0.0005968776744416125,100.1982415755969,"Varland, Louis"
686993,FC,341,0.0032365438111965055,110.43858997039632,"Sterner, Justin"
686993,FF,548,-8.001058072785165e-05,102.79659525627066,"Sterner, Justin"
686993,ST,165,-0.0003756163063702512,100.79801819931578,"Sterner, Justin"
687003,CH,56,-0.00906051567134065,85.19622313653653,"Van Belle, Brian"
687064,CU,148,-0.006406803507136804,98.17446029220187,"Young, Brandon"
687064,FC,86,-0.0007653788718101189,102.65479436901701,"Young, Brandon"
687064,FF,411,0.0017893638100614998,106.31135672112437,"Young, Brandon"
687064,FS,167,0.00035112017434868334,109.71803315651853,"Young, Brandon"
687064,SL,84,-0.005532814504216991,90.75289169694994,"Young, Brandon"
687075,SI,101,0.0028444788782364034,102.72348744038815,"Sproat, Brandon"
687075,ST,55,-0.0006824549448951571,100.4776568900428,"Sproat, Brandon"
687134,CU,128,-0.006967516936356333,97.4949753276504,"Blalock, Bradley"
687134,FC,101,0.0032025103328033756,110.37239437882705,"Blalock, Bradley"
687134,FF,466,0.0003302970401393567,103.5680476853108,"Blalock, Bradley"
687134,FS,153,-0.005021270751813123,95.86129377285133,"Blalock, Bradley"
687134,SL,157,0.0013666593156720492,103.95564255354515,"Blalock, Bradley"
687209,FF,94,0.009870095569896604,121.50459181476181,"Maxwell, Zach"
687223,FC,88,-0.006432448692397553,91.63226429128517,"Palmquist, Carson"
687223,FF,370,-0.006740328976947411,90.27399381376134,"Palmquist, Carson"
687223,ST,222,0.006232055711406829,107.69689660992924,"Palmquist, Carson"
687330,FC,70,-0.005001379855379387,94.41571319851998,"Kelly, Kevin"
687330,SI,326,0.0009354968709609528,99.39452509614708,"Kelly, Kevin"
687330,ST,105,0.0018802001475012816,103.15325063065495,"Kelly, Kevin"
687362,CH,64,-0.0038336617176355503,96.03903121263484,"Gillispie, Connor"
687362,FC,100,-0.0010600145372882252,102.0817238780012,"Gillispie, Connor"
687362,FF,106,0.0011291205042858942,105.06998006591736,"Gillispie, Connor"
687362,ST,111,-0.006115372920920653,94.80530504954613,"Gillispie, Connor"
687377,CH,93,-9.937028806488861e-05,103.78560412813627,"Ribalta, Orlando"
687377,FF,168,0.008289987161506793,118.53370263843435,"Ribalta, Orlando"
687377,SI,86,0.004101334315216031,104.91524430656804,"Ribalta, Orlando"
687377,SL,105,0.0014174604881277662,104.05285507158128,"Ribalta, Orlando"
687396,FF,222,0.007240387832876746,116.56026634232276,"Headrick, Brent"
687396,SL,91,0.0007943659520706106,102.86050879497773,"Headrick, Brent"
687424,FF,62,-0.0037852305629771325,95.83011252462444,"Maldonado, Anthony"
687424,SL,67,-0.004640318875860444,92.46076069238319,"Maldonado, Anthony"
687473,CH,165,-0.006264043992505873,90.9973428870427,"Gusto, Ryan"
687473,CU,261,-0.004480825544933082,100.50840308575418,"Gusto, Ryan"
687473,FC,190,-0.001004219414900083,102.1902461715646,"Gusto, Ryan"
687473,FF,756,0.0028842530445008234,108.36994621954237,"Gusto, Ryan"
687473,SI,186,0.001371638751660739,100.1550874755004,"Gusto, Ryan"
687473,ST,176,0.003125921715350573,104.45387233326818,"Gusto, Ryan"
687606,CH,87,-0.004455547378491811,94.7489651565205,"Schultz, Paxton"
687606,FC,129,-0.0023586692610027852,99.5558222734841,"Schultz, Paxton"
687606,FF,166,-0.002744120703674383,97.78758708519732,"Schultz, Paxton"
687606,SL,66,-0.0038955093942521753,93.88601923789093,"Schultz, Paxton"
687765,CU,227,-0.010466075789704299,93.25534414607283,"Spence, Mitch"
687765,FC,565,-0.0010108952230575999,102.17726163131029,"Spence, Mitch"
687765,SI,125,-0.008320034017786384,83.25434478686554,"Spence, Mitch"
687765,SL,354,-0.008074756759323449,85.88866129878865,"Spence, Mitch"
687830,CH,98,-0.003914078408673523,95.87221140960179,"Gipson-Long, Sawyer"
687830,FC,50,-0.001600310691865161,101.03084029914143,"Gipson-Long, Sawyer"
687830,FF,131,-0.00523432383588373,93.10555546441982,"Gipson-Long, Sawyer"
687830,SI,85,-0.0035519775352440774,91.56908029778415,"Gipson-Long, Sawyer"
687830,SL,99,-0.00890817760867349,84.29383709626163,"Gipson-Long, Sawyer"
687849,CU,77,0.0013432486356778808,107.56614529761093,"Kent, Zak"
687849,FF,93,-0.00541373726195826,92.76822582122412,"Kent, Zak"
687849,SL,118,0.00454518980713131,110.03804061234418,"Kent, Zak"
687863,FF,287,0.0018577859115733917,106.44000262904052,"Hodge, Porter"
687863,SL,105,0.005451578205628764,111.77249464711036,"Hodge, Porter"
687863,ST,174,0.002338253877282448,103.63149122413273,"Hodge, Porter"
687888,CH,149,0.00021386821335237752,104.43539939370027,"Walter, Brandon"
687888,FC,223,-0.0017222891678624357,100.79359045696876,"Walter, Brandon"
687888,FF,157,-0.008553890830238059,86.86416999918394,"Walter, Brandon"
687888,SI,102,0.004661001182730794,105.89121470344732,"Walter, Brandon"
687888,ST,183,0.00799610313407242,109.5386872809529,"Walter, Brandon"
687911,FF,644,-0.00820493858886016,87.52026323396474,"King, Bryan"
687911,SI,54,-0.0018330911992018595,94.56654589196322,"King, Bryan"
687911,ST,312,0.003320029770701438,104.65653491530668,"King, Bryan"
687922,CH,92,-0.0005380203344390358,102.8756498214859,"Lucas, Easton"
687922,FF,218,-0.001661473459993965,99.82315943007748,"Lucas, Easton"
687922,SL,53,0.0018328175393212147,104.84767737348334,"Lucas, Easton"
687931,CH,152,0.0038696185257011072,112.01904327623798,"Whisenhunt, Carson"
687931,FF,195,0.0015820424624670966,105.92155514528345,"Whisenhunt, Carson"
687931,SL,57,0.0015010785844009533,104.21286566384055,"Whisenhunt, Carson"
688138,CH,163,-0.0044798649507769355,94.69851975064162,"Evans, Logan"
688138,CU,131,-0.005182340409240565,99.65829182059367,"Evans, Logan"
688138,FC,356,-0.002992776961782715,98.32247392492896,"Evans, Logan"
688138,FF,147,-0.010355214537560883,83.47735610924278,"Evans, Logan"
688138,SI,226,-0.003922635341870323,90.92271177458427,"Evans, Logan"
688138,ST,315,-0.003953174236082145,97.06279388769634,"Evans, Logan"
688158,CU,179,-0.005748820381873813,98.97181883088912,"Morgan, David"
688158,FF,281,-0.002223867984148423,98.76575615586863,"Morgan, David"
688158,SI,165,0.00189349362838336,101.06511974775192,"Morgan, David"
688158,SL,140,0.0005918571426783663,102.47299035133001,"Morgan, David"
688297,FC,87,-0.00011772648453523121,103.91448732228159,"Roycroft, Chris"
688297,FF,109,-0.0038628424565204196,95.68418814800715,"Roycroft, Chris"
688297,SI,182,0.006997147397839229,109.96508378712545,"Roycroft, Chris"
688497,FF,178,-0.003797258716485374,95.80749742373699,"Rashi, Taylor"
688497,FS,78,-0.004150214869206628,98.107964672229,"Rashi, Taylor"
688642,FC,176,-0.0010533158719929568,102.09475287570818,"Agnos, Zach"
688642,FF,155,-0.0023807090968118922,98.47086653845949,"Agnos, Zach"
688642,FS,108,-0.0009974614230217143,106.23970404957066,"Agnos, Zach"
688642,ST,86,0.0005935009538133759,101.80984537924334,"Agnos, Zach"
689017,CH,194,-0.003324667986910838,97.09490944896343,"Knack, Landon"
689017,FF,361,0.0021355600310510397,106.96226813983607,"Knack, Landon"
689017,KC,97,-0.002062620327762357,101.08063045207842,"Knack, Landon"
689017,SL,91,-0.00041231045283244124,100.55142721073553,"Knack, Landon"
689147,FF,351,0.00276533771162146,108.1463639175466,"Kerkering, Orion"
689147,SI,198,0.005323667904847734,107.04680053731141,"Kerkering, Orion"
689147,ST,499,0.006990410289516601,108.48867259584922,"Kerkering, Orion"
689225,CH,89,-0.0027449726972161932,98.29745400529674,"Brieske, Beau"
689225,FF,182,0.004675477099586355,111.737770939274,"Brieske, Beau"
689225,SI,64,0.003852790752716828,104.48182368902945,"Brieske, Beau"
689254,FC,500,0.001127282902598381,106.33604799670367,"Fluharty, Mason"
689254,ST,358,0.011819118156254567,113.53018621265322,"Fluharty, Mason"
689266,FC,289,-0.0037436319839782937,96.86205040304108,"Dodd, Dylan"
689266,SI,189,-0.0007866973174189552,96.3912911312707,"Dodd, Dylan"
689520,FF,58,-0.001154325748224249,100.77668871939457,"Laweryson, Cody"
689690,CH,166,-2.4369282610097294e-05,103.94118940273233,"Jacob, Alek"
689690,FF,217,-0.008747430017871422,86.50028137313637,"Jacob, Alek"
689690,SI,80,-0.004492760862740397,89.92850314232165,"Jacob, Alek"
689690,ST,54,-0.008653219129849243,92.15561354350122,"Jacob, Alek"
690382,FC,53,0.0013514465618360224,106.77204944974827,"Darrell-Hicks, Michael"
690382,SI,68,0.005143194086592891,106.732082775278,"Darrell-Hicks, Michael"
690544,FF,73,-0.00022606082841289892,102.52199441385783,"Horn, Bailey"
690544,ST,73,0.009778564571393398,111.39970348977823,"Horn, Bailey"
690916,CU,76,-0.005189828432967739,99.64921766743151,"Fitts, Richard"
690916,FF,266,0.0041633749231523255,110.77492636160862,"Fitts, Richard"
690916,SI,62,-0.0023656984307154423,93.63776321553048,"Fitts, Richard"
690916,SL,186,0.002547683591562604,106.21563652949513,"Fitts, Richard"
690916,ST,58,0.001508772533897768,102.76545384871706,"Fitts, Richard"
690925,FF,251,0.0025204065632097915,107.68584912381596,"Beeter, Clayton"
690925,SL,214,-0.0020733194233059217,97.3729402448869,"Beeter, Clayton"
690928,CU,112,-0.01028164684040738,93.4788392356228,"Dobbins, Hunter"
690928,FF,377,-0.0014423559262248655,100.23513996632533,"Dobbins, Hunter"
690928,FS,81,-0.005656712793423162,94.22232987669524,"Dobbins, Hunter"
690928,SL,252,0.0030125309061235935,107.10516280942886,"Dobbins, Hunter"
690928,ST,96,-0.0003147398701912607,100.86157751795938,"Dobbins, Hunter"
690953,CH,63,-0.004209977183130658,95.25838641089159,"Abel, Mick"
690953,CU,154,-0.004118140752679765,100.94791255773282,"Abel, Mick"
690953,FF,303,0.003562392810053767,109.64497145124247,"Abel, Mick"
690953,SI,95,0.0042734785307211014,105.2154365603511,"Abel, Mick"
690953,SL,83,0.0015819411889522992,104.36760337998771,"Abel, Mick"
690986,FF,345,0.0018163958758030776,106.3621818867263,"Harrison, Kyle"
690986,SV,161,0.008084479440609211,119.22510980770096,"Harrison, Kyle"
690990,CH,228,0.003618746275063594,111.49862321296968,"Horton, Cade"
690990,CU,174,0.0011035332706457153,107.27565290377251,"Horton, Cade"
690990,FF,899,-0.0017388013761506253,99.67776898223353,"Horton, Cade"
690990,SI,98,0.0008602486140057873,99.26330405115094,"Horton, Cade"
690990,ST,387,0.0012040422436200957,102.44729380460461,"Horton, Cade"
690997,CH,64,0.0013106386090839806,106.71058653491251,"McLean, Nolan"
690997,CU,117,-0.034092510071320414,64.6243072852874,"McLean, Nolan"
690997,FC,63,0.0015099102692190734,107.0802635773585,"McLean, Nolan"
690997,FF,98,-0.0036073782287029624,96.16450703330132,"McLean, Nolan"
690997,SI,206,-0.0013299551615488683,95.44393547289906,"McLean, Nolan"
690997,ST,190,0.005974064935262983,107.42753593480981,"McLean, Nolan"
691172,SI,57,0.008144636999962753,111.96612395477445,"Zulueta, Yosver"
691251,FF,116,-0.009878227505270905,84.37417787410061,"Lara, Andry"
691251,SL,83,-0.008696067919786346,84.69972766846354,"Lara, Andry"
691587,CH,131,-0.004915038845324107,93.79577652113959,"Pérez, Eury"
691587,CU,154,-0.005573967147300847,99.18370985704289,"Pérez, Eury"
691587,FF,859,0.00712969633914263,116.35214634315048,"Pérez, Eury"
691587,SL,366,0.005223520242614173,111.33608564764948,"Pérez, Eury"
691587,ST,130,-0.005271559631777423,95.68630599320637,"Pérez, Eury"
691769,FF,52,-0.006995626746804471,89.79398789949512,"Abner, Philip"
691799,CU,132,0.011278093944301045,119.6054110982366,"Taylor, Grant"
691799,FC,102,0.0040163760107615794,111.95537450762984,"Taylor, Grant"
691799,FF,338,0.008004709217287001,117.9973285819282,"Taylor, Grant"
691951,CH,72,-0.003546452989875585,96.63482920899442,"Aldegheri, Sam"
691951,FF,143,-0.0053739572840195695,92.84301936403746,"Aldegheri, Sam"
691951,SL,53,-0.00435475232096099,93.00721744774404,"Aldegheri, Sam"
692230,FF,54,-0.004256211576662112,94.94458315943467,"Rodriguez, Carlos"
692285,FF,107,-0.0049874728435251175,93.56967991149571,"Guerrero, Luis"
692285,SL,124,-0.0025806788289408416,96.40206333423927,"Guerrero, Luis"
693312,CU,145,0.0005678906718144547,106.62654932730614,"Nicolas, Kyle"
693312,FF,330,0.007097409484137615,116.29144122471509,"Nicolas, Kyle"
693312,SL,171,0.005114475534547206,111.12741899415946,"Nicolas, Kyle"
693313,FC,62,0.0005879044645905285,105.2869493894087,"Seymour, Carson"
693313,FF,136,-0.0022662569157118387,98.68605730906219,"Seymour, Carson"
693313,SI,263,0.003374269201991867,103.64735787573204,"Seymour, Carson"
693313,SL,131,0.0027205002891723573,106.54633650198053,"Seymour, Carson"
693433,CH,185,-0.006282231832124494,90.95961325923021,"Woo, Bryan"
693433,FF,1230,-0.0030196145930426054,97.26960881881845,"Woo, Bryan"
693433,SI,662,0.0007835514515080669,99.12955634431454,"Woo, Bryan"
693433,SL,294,-0.0017856706521912065,97.92338150437624,"Woo, Bryan"
693433,ST,240,0.0014262121144383855,102.6792549130182,"Woo, Bryan"
693645,CU,186,-0.004299932550155415,100.72761322722556,"Schlittler, Cam"
693645,FC,247,0.0033657789463214143,110.6899541160857,"Schlittler, Cam"
693645,FF,700,0.001532255805518454,105.827947238719,"Schlittler, Cam"
693645,SI,76,0.0033891544439699686,103.67331538074842,"Schlittler, Cam"
693821,CH,263,-0.004444646639877774,94.7715781121773,"Elder, Bryce"
693821,FF,309,-0.006855901430971682,90.05669672773912,"Elder, Bryce"
693821,SI,1059,-0.005081783663253405,88.90134064663852,"Elder, Bryce"
693821,SL,883,-0.0018408789609126344,97.81773554291729,"Elder, Bryce"
693855,CH,314,-0.0028678595015106598,98.042532393587,"Seymour, Ian"
693855,FC,214,-0.0031205459516092907,98.07396145235475,"Seymour, Ian"
693855,FF,317,-0.0015911470906273169,99.95538570547252,"Seymour, Ian"
693855,SI,54,-0.0013793860722486257,95.35773579174234,"Seymour, Ian"
693855,ST,54,-0.00045788302905007357,100.712125903893,"Seymour, Ian"
694037,FF,615,0.0073433128200122155,116.75378390645369,"Palencia, Daniel"
694037,SL,198,-0.0028269568113804175,95.93078872279841,"Palencia, Daniel"
694297,CH,441,-0.00019775282055099086,103.58151521973447,"Pfaadt, Brandon"
694297,CU,273,-0.005799297080993577,98.91065004782678,"Pfaadt, Brandon"
694297,FC,267,1.058742486662929e-05,104.1640596710526,"Pfaadt, Brandon"
694297,FF,659,0.0008472317531082637,104.53997830442083,"Pfaadt, Brandon"
694297,SI,670,0.0019659375509456993,101.1914504776174,"Pfaadt, Brandon"
694297,ST,523,0.00032691308854912785,101.5315087331061,"Pfaadt, Brandon"
694335,FC,156,-0.0006749479508348836,102.8306837753528,"Svanson, Matt"
694335,SI,453,-0.004276135054185634,90.306264250976,"Svanson, Matt"
694335,ST,334,-0.000989479006186698,100.15710198624544,"Svanson, Matt"
694350,CH,102,-0.0019530055922801052,99.94034424050565,"Brzykcy, Zach"
694350,CU,112,-0.0013295160269340808,104.32722982423407,"Brzykcy, Zach"
694350,FF,245,0.005986976898952425,114.20362741975612,"Brzykcy, Zach"
694361,CU,67,0.005815234534796884,112.98539695414277,"Klein, Will"
694361,FF,175,0.004336120508226356,111.09971925950717,"Klein, Will"
694363,CH,102,-0.0021298448829089895,99.57350129720069,"Shuster, Jared"
694363,FF,91,-0.006142480573064429,91.39805678485239,"Shuster, Jared"
694363,SL,74,0.0005106878225224382,102.31766570785813,"Shuster, Jared"
694462,CU,111,-0.0034787682855387976,101.72271828830928,"Waldrep, Hurston"
694462,FC,182,-0.0005619262909816485,103.05051248482833,"Waldrep, Hurston"
694462,FS,276,-0.004762993573778025,96.52745518849838,"Waldrep, Hurston"
694462,SI,159,-0.0032920619070075257,92.02233199726672,"Waldrep, Hurston"
694462,SL,100,-0.0019637836258334573,97.58254664120926,"Waldrep, Hurston"
694477,CH,133,-0.004298467438534966,95.0748184626665,"Patrick, Chad"
694477,FC,819,-0.00333710818092885,97.65274488683728,"Patrick, Chad"
694477,FF,439,-0.00300349321401542,97.29991992292058,"Patrick, Chad"
694477,SI,460,0.0018390430787645607,100.9701666111517,"Patrick, Chad"
694477,SL,105,-0.0016231370634635649,98.23440384228459,"Patrick, Chad"
694646,FF,105,0.0012096904869568312,105.22146618432737,"McDermott, Chayce"
694646,SL,52,-0.002454224852324562,96.64404415649817,"McDermott, Chayce"
694738,CH,315,-0.0007055978191067605,102.52801996225872,"Roupp, Landen"
694738,CU,660,0.001602736048809647,107.88059789768297,"Roupp, Landen"
694738,FC,124,-0.009289635787295523,86.07499542249336,"Roupp, Landen"
694738,SI,739,-0.00013537610336485683,97.52709219556989,"Roupp, Landen"
694819,CH,69,0.0021660031886932447,108.48499118710706,"Misiorowski, Jacob"
694819,CU,170,0.019568947998306933,129.65245184921181,"Misiorowski, Jacob"
694819,FF,642,0.0032419902560415774,109.04255678480038,"Misiorowski, Jacob"
694819,SL,283,0.004669794737930696,110.2764831225694,"Misiorowski, Jacob"
694851,CH,117,-0.001376530711536167,101.13620824358678,"Hoffmann, Andrew"
694851,FF,102,0.002139108233749022,106.96893940171587,"Hoffmann, Andrew"
694918,FF,120,0.0019795749673903627,106.66898804915515,"Tidwell, Blade"
694918,SI,58,0.0020261043938607426,101.29637192458372,"Tidwell, Blade"
694918,SL,53,0.0019687969099734647,105.10788587622204,"Tidwell, Blade"
694918,ST,67,-0.0004833496547974785,100.68553693971813,"Tidwell, Blade"
694973,CH,316,-0.002224996366242556,99.37611501453813,"Skenes, Paul"
694973,CU,144,0.0006836132419670725,106.76678450338781,"Skenes, Paul"
694973,FF,1132,-0.00012058081364109119,102.72031589138466,"Skenes, Paul"
694973,FS,366,0.0034900311055254284,117.81406922680029,"Skenes, Paul"
694973,SI,310,0.004443440977728084,105.5118241553441,"Skenes, Paul"
694973,SL,162,0.0002604644422392062,101.83884123013473,"Skenes, Paul"
694973,ST,473,0.00038693431222678405,101.59417514921972,"Skenes, Paul"
695243,FF,504,0.013834841478571419,128.95903015863067,"Miller, Mason"
695243,SL,441,0.006777047138837881,114.3088961974533,"Miller, Mason"
695418,CH,274,0.0015454577427802703,107.1977053298541,"Lord, Brad"
695418,FF,1021,-0.00014563902894279386,102.67320192108829,"Lord, Brad"
695418,SI,377,0.006592799941266887,109.25996584898411,"Lord, Brad"
695418,SL,430,-0.0035962353640105332,94.4587064546667,"Lord, Brad"
695445,FF,123,-0.007237527442090895,89.33917090494165,"Lee, Chase"
695445,SI,223,-0.0018887889998648608,94.469417747037,"Lee, Chase"
695445,ST,199,-0.0044486839881815584,96.5454465493584,"Lee, Chase"
695505,FF,442,0.010339003996203213,122.38622434136968,"Burns, Chase"
695505,SL,258,0.008996874082277622,118.55673057498319,"Burns, Chase"
695534,SL,54,-0.0018065686378610768,97.88339136811271,"Petty, Chase"
695549,CH,135,-0.0004158646504678203,103.12905476611142,"Jobe, Jackson"
695549,CU,62,-0.009895146304305883,93.94720915399196,"Jobe, Jackson"
695549,FF,242,0.0014894436553882123,105.74745266457339,"Jobe, Jackson"
695549,SI,110,0.005438654654269405,107.2473192208048,"Jobe, Jackson"
695549,SL,245,0.0031501157968798037,107.36844361629991,"Jobe, Jackson"
696136,CH,53,0.000158507173319725,104.32055609842477,"Wicks, Jordan"
696136,FF,86,-0.0021522780716199926,98.90035812060451,"Wicks, Jordan"
696147,SI,114,-0.0007941026533604089,96.37837739798165,"Bachman, Sam"
696147,SL,185,0.001614970588078093,104.43080804442803,"Bachman, Sam"
696149,CH,94,-0.0004874551748392325,102.98054433848101,"Chandler, Bubba"
696149,FF,212,0.006898219526672894,115.91692813085206,"Chandler, Bubba"
696149,SL,64,0.0032197370949234028,107.5016701023158,"Chandler, Bubba"
696270,FC,97,0.004823924318170799,113.52606726234112,"Johnson, Ryan"
696270,ST,58,-0.006739361709433383,94.15381648141599,"Johnson, Ryan"
697812,SI,64,0.011456588479632046,117.74164290663101,"Rock, Joe"
699134,FF,52,0.003856878387243621,110.19865752063654,"Rodriguez, Bradgley"
699911,FF,98,-0.0025099557374140165,98.22785951210436,"Darnell, Dugan"
699911,FS,50,-0.006357094282284379,92.41587091016054,"Darnell, Dugan"
700187,FF,64,-0.0008032195564737776,101.43683176988057,"Taylor, Troy"
700187,ST,51,0.001068878377184007,102.30617313797009,"Taylor, Troy"
700241,CH,147,-0.004996811671615705,93.62614349347648,"McGreevy, Michael"
700241,CU,177,-0.005554142092719791,99.2077342977059,"McGreevy, Michael"
700241,FC,144,-0.002909962643267742,98.4835489329308,"McGreevy, Michael"
700241,FF,373,-0.006457226166956379,90.80627822508684,"McGreevy, Michael"
700241,SI,325,-0.004669548480529697,89.62021353021126,"McGreevy, Michael"
700241,ST,296,-0.0020362755139767368,99.06417216035983,"McGreevy, Michael"
700249,CH,287,-0.00402966624341379,95.63243109067167,"Povich, Cade"
700249,CU,410,-0.00524635866352516,99.58071308076616,"Povich, Cade"
700249,FF,690,0.003258613113857923,109.0738107595935,"Povich, Cade"
700249,SI,235,0.001958146322640266,101.17786380914941,"Povich, Cade"
700249,ST,188,0.00030216677544345617,101.50567182643644,"Povich, Cade"
700363,CU,90,-0.004769078805111349,100.15909139449202,"Smith-Shawver, AJ"
700363,FF,310,-0.002472679552269138,98.2979454722788,"Smith-Shawver, AJ"
700363,FS,214,0.004382274944737644,120.11538916359781,"Smith-Shawver, AJ"
700669,CU,195,0.0033690370229753452,110.02104057709012,"Graceffo, Gordon"
700669,FC,171,0.0012358363014196552,106.5471858759655,"Graceffo, Gordon"
700669,FF,329,-0.004403414002177189,94.66781601461736,"Graceffo, Gordon"
701121,FF,96,-0.005035924195757009,93.47858261895561,"VanWey, Logan"
701487,CH,205,-0.002683795893688334,98.42436176764039,"Ohl, Pierson"
701487,FC,64,-0.0062896111739974,91.91008526272876,"Ohl, Pierson"
701487,FF,238,0.0019514293264609394,106.6160691610877,"Ohl, Pierson"
701519,CH,111,-0.0027128326093490513,98.36412677009541,"Adams, Travis"
701519,FC,123,-0.0004473096930113814,103.27344337125308,"Adams, Travis"
701519,FF,195,-0.0017616017029071466,99.63490025017818,"Adams, Travis"
701519,SI,74,0.0016680248163784446,100.67193784131983,"Adams, Travis"
701519,SL,133,0.0002257486595411144,101.77240952219299,"Adams, Travis"
701542,CH,275,-0.0008554147891448917,102.21723326971788,"Warren, Will"
701542,CU,196,-0.0043039118993559045,100.7227909636422,"Warren, Will"
701542,FF,1165,-0.00036423846702301246,102.26219549830392,"Warren, Will"
701542,SI,588,0.0005861937445171774,98.78539575379324,"Warren, Will"
701542,ST,578,0.002039663931796308,103.31974213564914,"Warren, Will"
701552,FF,102,-0.00233192690111715,98.56258587646028,"Granillo, Andre"
701552,SL,235,-0.002370672782621733,96.80392840109945,"Granillo, Andre"
701581,CH,256,-0.006882620679519391,89.71414110695815,"Festa, David"
701581,FF,278,0.0039292601080717715,110.33474822797696,"Festa, David"
701581,SI,112,-0.0011984598590808154,95.67324245886981,"Festa, David"
701581,SL,236,0.003009381845790273,107.09913680511337,"Festa, David"
701656,CH,164,0.010450080282636208,125.66983293183463,"Henderson, Logan"
701656,FF,200,-0.0005718211904422787,101.87190248870763,"Henderson, Logan"
702056,FF,108,0.005822456013961359,113.89429844339945,"Yesavage, Trey"
702056,FS,63,-0.0021077506264971036,103.37599060345154,"Yesavage, Trey"
702056,SL,68,-0.002692508667250342,96.18806708871726,"Yesavage, Trey"
702070,CH,402,0.001650384969623665,107.41537083049693,"Cameron, Noah"
702070,CU,417,-0.0066250010182749095,97.91004371076336,"Cameron, Noah"
702070,FC,468,0.0005474449363436389,105.20825504097981,"Cameron, Noah"
702070,FF,571,-0.0019417632674464669,99.2961639715544,"Cameron, Noah"
702070,SL,306,-0.0010858921091520422,99.26246938262922,"Cameron, Noah"
702352,CH,192,-0.004130873425765458,95.42248260849074,"Bivens, Spencer"
702352,FC,338,-0.004839777888781143,94.73003128420488,"Bivens, Spencer"
702352,FF,81,-0.007959157157327153,87.98237671352516,"Bivens, Spencer"
702352,SI,471,0.0009418229795469154,99.40555682781768,"Bivens, Spencer"
702352,ST,103,-0.0013776472297093597,99.75182681978104,"Bivens, Spencer"
702352,SV,69,-0.009809862842540379,84.34057535255825,"Bivens, Spencer"
702674,CH,109,-0.0033548793140286155,97.03223778747,"Dana, Caden"
702674,FF,253,-0.0009061047018800352,101.24338911539598,"Dana, Caden"
702674,SL,155,-0.0037047831874412124,94.25099063369356,"Dana, Caden"
702795,FF,107,-0.010778567483909776,82.68137611230324,"Loutos, Ryan"
702795,SL,52,0.0007963751945331191,102.86435365740282,"Loutos, Ryan"
800048,CH,146,0.0024415436366250843,109.05658400768112,"Messick, Parker"
800048,CU,79,0.0047728670348377925,111.72223290839273,"Messick, Parker"
800048,FF,225,-0.0047424078163749075,94.0304464214334,"Messick, Parker"
800048,SI,84,-0.0006026123737737656,96.7123061241837,"Messick, Parker"
800048,SL,91,-0.00148416973424501,98.50033006691784,"Messick, Parker"
800049,CU,53,-0.005086914621917355,99.77393090526276,"Mazur, Adam"
800049,FF,117,0.002237248737207051,107.15346127245252,"Mazur, Adam"
800049,SI,78,0.0024368452969401213,102.01263902106743,"Mazur, Adam"
800049,SL,140,0.0024872786087403904,106.10004627442385,"Mazur, Adam"
800049,ST,60,-0.011172335464410328,89.52547735520811,"Mazur, Adam"
800311,FF,169,-0.00078426888483365,101.47246245506702,"Fuentes, Didier"
800311,ST,80,-0.002973519782517542,98.08562264514303,"Fuentes, Didier"
801139,FF,195,0.0047495898781702494,111.87711634782531,"Tolle, Payton"
801403,CH,138,-0.002414294295822797,98.98342734087808,"Dollander, Chase"
801403,CU,379,0.000836492948352762,106.95204752093086,"Dollander, Chase"
801403,FF,867,-0.001757329158738453,99.64293340483944,"Dollander, Chase"
801403,SI,175,0.004209761885343012,105.10432481998023,"Dollander, Chase"
801403,SL,219,0.0010308733806795479,103.31308659107812,"Dollander, Chase"
801434,FF,80,-0.003939193993619483,95.54063346912615,"Gervase, Paul"
802419,FF,81,-0.006449468724895269,90.82086361716055,"Harrington, Thomas"
804636,CH,102,-0.0022717732442520083,99.27907906994358,"Tong, Jonah"
804636,FF,213,0.010170718825582367,122.06981782819673,"Tong, Jonah"
805123,CH,98,-0.002211972692470115,99.40313187715014,"Blubaugh, AJ"
805123,FF,278,0.006198596581984178,114.60151064250128,"Blubaugh, AJ"
805123,ST,108,0.0014588386476909229,102.7133193286344,"Blubaugh, AJ"
805299,SI,145,-0.0015268095835726226,95.10065253166813,"Garcia, Brandyn"
805299,ST,84,0.0011848421864626636,102.42724758265993,"Garcia, Brandyn"
805673,CH,143,-0.0031589439816095614,97.43869437178691,"Matthews, Zebby"
805673,CU,78,-0.004048273527587298,101.03257921005707,"Matthews, Zebby"
805673,FC,175,0.0004578796898359932,105.03404938359343,"Matthews, Zebby"
805673,FF,557,0.0031546485714468715,108.87833864380013,"Matthews, Zebby"
805673,SI,58,0.0059994059737273975,108.22518073015625,"Matthews, Zebby"
805673,SL,342,-0.0005369510202715859,100.31291650666125,"Matthews, Zebby"
806185,CH,201,0.00027875842241525755,104.57001040237174,"Birdsong, Hayden"
806185,CU,155,-0.006639445162211139,97.89253997691459,"Birdsong, Hayden"
806185,FF,527,0.004452380573190241,111.31830917827882,"Birdsong, Hayden"
806185,SL,291,-0.0006962691677472321,100.00804719880307,"Birdsong, Hayden"
806188,CH,132,-0.0024169674220054344,98.97788209426926,"Gibson, Cade"
806188,CU,259,0.001988226366149011,108.34774361055963,"Gibson, Cade"
806188,FF,86,-0.009533784934319556,85.02179211403023,"Gibson, Cade"
806188,SI,215,0.002796159457834302,102.63922602231239,"Gibson, Cade"
806188,SL,87,0.0022663921959117463,105.67736066791036,"Gibson, Cade"
806188,ST,129,0.014191735413973672,116.0073669703982,"Gibson, Cade"
806960,CH,107,-0.0013013503396726936,101.29216560348728,"Morales, Luis"
806960,FF,423,0.0024261959121756843,107.50871608537007,"Morales, Luis"
806960,SL,64,0.0036189789866512,108.26565462716506,"Morales, Luis"
806960,ST,220,0.0011830336697213088,102.42535936286504,"Morales, Luis"
808963,FF,240,-0.003500467059696651,96.36551933925634,"Sasaki, Roki"
808963,FO,179,5.358956905336161e-06,92.92893218813452,"Sasaki, Roki"
808963,ST,83,-0.001555665535887378,99.56596307747039,"Sasaki, Roki"
808967,CU,467,-0.009499570034762855,94.42657724735471,"Yamamoto, Yoshinobu"
808967,FC,303,-0.0008171548479637777,102.55408937110357,"Yamamoto, Yoshinobu"
808967,FF,918,-0.0029962878184853574,97.31346736781597,"Yamamoto, Yoshinobu"
808967,FS,652,-0.002218960008638064,103.08915380275602,"Yamamoto, Yoshinobu"
808967,SI,209,0.0017634596482817156,100.8383610765961,"Yamamoto, Yoshinobu"
808967,SL,76,0.0024122429002952565,105.95645883720604,"Yamamoto, Yoshinobu"
813349,CH,63,-0.0005617176629750738,102.82649107561154,"Early, Connelly"
813349,CU,67,-0.007879001104947068,96.39041860453752,"Early, Connelly"
813349,FF,94,-0.0003725357662992889,102.24659507716716,"Early, Connelly"
815083,CH,108,-0.00042950265820864943,103.10076350299524,"Farris, Mitch"
815083,FF,202,-0.004517645867495183,94.45303947747408,"Farris, Mitch"
815083,SL,95,-0.00510784771131033,91.56610308604152,"Farris, Mitch"
820862,FF,304,0.0033224729811027636,109.19387884314527,"Fermin, José"
820862,SL,317,0.0037340775606103465,108.48590588626129,"Fermin, José"
829272,CH,150,7.159439647997108e-05,104.14026053880498,"Ogasawara, Shinnosuke"
829272,FF,261,-0.004835081585070521,93.85620299934577,"Ogasawara, Shinnosuke"
829272,KC,129,-0.0024835000154399853,100.52970476964063,"Ogasawara, Shinnosuke"
829272,SL,125,-0.005124577539158054,91.53408908689995,"Ogasawara, Shinnosuke"
